Interval,Section No.,Pin Torque,Pin Speed,Lot,Parent,waferID
0.01,1,10.00,20.00,D514RH20,GTA511,[1-06]
0.02,1,-3.75,17.50,D514RH20,GTA511,[1-06]
0.03,1,-72.50,13.75,D514RH20,GTA511,[1-06]
0.04,1,-198.75,5.00,D514RH20,GTA511,[1-06]
0.05,1,-287.50,-58.75,D514RH20,GTA511,[1-06]
0.06,1,-237.50,-146.25,D514RH20,GTA511,[1-06]
0.07,1,-245.00,-183.75,D514RH20,GTA511,[1-06]
0.08,1,-257.50,-227.50,D514RH20,GTA511,[1-06]
0.09,1,-276.25,-272.50,D514RH20,GTA511,[1-06]
0.10,1,-301.25,-325.00,D514RH20,GTA511,[1-06]
0.11,1,-315.00,-373.75,D514RH20,GTA511,[1-06]
0.12,1,-320.00,-416.25,D514RH20,GTA511,[1-06]
0.13,1,-316.25,-451.25,D514RH20,GTA511,[1-06]
0.14,1,-297.50,-470.00,D514RH20,GTA511,[1-06]
0.15,1,-293.75,-485.00,D514RH20,GTA511,[1-06]
0.16,1,-266.25,-493.75,D514RH20,GTA511,[1-06]
0.17,1,-268.75,-490.00,D514RH20,GTA511,[1-06]
0.18,1,-273.75,-481.25,D514RH20,GTA511,[1-06]
0.19,1,-263.75,-490.00,D514RH20,GTA511,[1-06]
0.20,1,-252.50,-477.50,D514RH20,GTA511,[1-06]
0.21,1,-237.50,-445.00,D514RH20,GTA511,[1-06]
0.22,1,-240.00,-396.25,D514RH20,GTA511,[1-06]
0.23,1,-235.00,-356.25,D514RH20,GTA511,[1-06]
0.24,1,-256.25,-307.50,D514RH20,GTA511,[1-06]
0.25,1,-232.50,-262.50,D514RH20,GTA511,[1-06]
0.26,1,-233.75,-218.75,D514RH20,GTA511,[1-06]
0.27,1,-201.25,-175.00,D514RH20,GTA511,[1-06]
0.28,1,-195.00,-116.25,D514RH20,GTA511,[1-06]
0.29,1,-232.50,-62.50,D514RH20,GTA511,[1-06]
0.30,1,-202.50,-43.75,D514RH20,GTA511,[1-06]
0.31,1,-206.25,-20.00,D514RH20,GTA511,[1-06]
0.32,1,-215.00,-7.50,D514RH20,GTA511,[1-06]
0.33,1,-218.75,0.00,D514RH20,GTA511,[1-06]
0.34,1,-221.25,2.50,D514RH20,GTA511,[1-06]
0.35,1,-217.50,3.75,D514RH20,GTA511,[1-06]
0.36,1,-211.25,5.00,D514RH20,GTA511,[1-06]
0.37,1,-208.75,7.50,D514RH20,GTA511,[1-06]
0.38,1,-208.75,10.00,D514RH20,GTA511,[1-06]
0.39,2,-208.75,11.25,D514RH20,GTA511,[1-06]
0.40,2,-221.25,8.75,D514RH20,GTA511,[1-06]
0.41,2,-238.75,-1.25,D514RH20,GTA511,[1-06]
0.42,2,-241.25,-16.25,D514RH20,GTA511,[1-06]
0.43,2,-231.25,-27.50,D514RH20,GTA511,[1-06]
0.44,2,-220.00,-36.25,D514RH20,GTA511,[1-06]
0.45,2,-221.25,-35.00,D514RH20,GTA511,[1-06]
0.46,2,-237.50,-27.50,D514RH20,GTA511,[1-06]
0.47,2,-272.50,-23.75,D514RH20,GTA511,[1-06]
0.48,2,-232.50,-50.00,D514RH20,GTA511,[1-06]
0.49,2,-208.75,-48.75,D514RH20,GTA511,[1-06]
0.50,2,-205.00,-41.25,D514RH20,GTA511,[1-06]
0.51,2,-208.75,-36.25,D514RH20,GTA511,[1-06]
0.52,2,-208.75,-37.50,D514RH20,GTA511,[1-06]
0.53,2,-218.75,-32.50,D514RH20,GTA511,[1-06]
0.54,2,-213.75,-37.50,D514RH20,GTA511,[1-06]
0.55,2,-210.00,-38.75,D514RH20,GTA511,[1-06]
0.56,2,-208.75,-38.75,D514RH20,GTA511,[1-06]
0.57,2,-237.50,-25.00,D514RH20,GTA511,[1-06]
0.58,2,-253.75,-33.75,D514RH20,GTA511,[1-06]
0.59,2,-215.00,-48.75,D514RH20,GTA511,[1-06]
0.60,2,-197.50,-47.50,D514RH20,GTA511,[1-06]
0.61,2,-195.00,-41.25,D514RH20,GTA511,[1-06]
0.62,2,-191.25,-38.75,D514RH20,GTA511,[1-06]
0.63,2,-191.25,-37.50,D514RH20,GTA511,[1-06]
0.64,2,-202.50,-33.75,D514RH20,GTA511,[1-06]
0.65,2,-198.75,-37.50,D514RH20,GTA511,[1-06]
0.66,2,-192.50,-37.50,D514RH20,GTA511,[1-06]
0.67,2,-186.25,-40.00,D514RH20,GTA511,[1-06]
0.68,2,-187.50,-38.75,D514RH20,GTA511,[1-06]
0.69,2,-197.50,-33.75,D514RH20,GTA511,[1-06]
0.70,2,-197.50,-37.50,D514RH20,GTA511,[1-06]
0.71,2,-191.25,-38.75,D514RH20,GTA511,[1-06]
0.72,2,-190.00,-41.25,D514RH20,GTA511,[1-06]
0.73,2,-186.25,-37.50,D514RH20,GTA511,[1-06]
0.74,2,-197.50,-36.25,D514RH20,GTA511,[1-06]
0.75,2,-201.25,-36.25,D514RH20,GTA511,[1-06]
0.76,2,-192.50,-41.25,D514RH20,GTA511,[1-06]
0.77,2,-182.50,-43.75,D514RH20,GTA511,[1-06]
0.78,2,-180.00,-37.50,D514RH20,GTA511,[1-06]
0.79,2,-178.75,-40.00,D514RH20,GTA511,[1-06]
0.80,2,-185.00,-33.75,D514RH20,GTA511,[1-06]
0.81,2,-188.75,-36.25,D514RH20,GTA511,[1-06]
0.82,2,-208.75,-26.25,D514RH20,GTA511,[1-06]
0.83,2,-217.50,-38.75,D514RH20,GTA511,[1-06]
0.84,2,-172.50,-51.25,D514RH20,GTA511,[1-06]
0.85,2,-165.00,-42.50,D514RH20,GTA511,[1-06]
0.86,2,-180.00,-36.25,D514RH20,GTA511,[1-06]
0.87,2,-173.75,-37.50,D514RH20,GTA511,[1-06]
0.88,2,-171.25,-36.25,D514RH20,GTA511,[1-06]
0.89,2,-183.75,-33.75,D514RH20,GTA511,[1-06]
0.90,2,-187.50,-36.25,D514RH20,GTA511,[1-06]
0.91,2,-200.00,-31.25,D514RH20,GTA511,[1-06]
0.92,2,-207.50,-36.25,D514RH20,GTA511,[1-06]
0.93,2,-230.00,-30.00,D514RH20,GTA511,[1-06]
0.94,2,-202.50,-47.50,D514RH20,GTA511,[1-06]
0.95,2,-176.25,-50.00,D514RH20,GTA511,[1-06]
0.96,2,-193.75,-33.75,D514RH20,GTA511,[1-06]
0.97,2,-197.50,-37.50,D514RH20,GTA511,[1-06]
0.98,2,-193.75,-36.25,D514RH20,GTA511,[1-06]
0.99,2,-190.00,-41.25,D514RH20,GTA511,[1-06]
1.00,2,-182.50,-40.00,D514RH20,GTA511,[1-06]
1.01,2,-186.25,-36.25,D514RH20,GTA511,[1-06]
1.02,2,-188.75,-37.50,D514RH20,GTA511,[1-06]
1.03,2,-186.25,-36.25,D514RH20,GTA511,[1-06]
1.04,2,-195.00,-35.00,D514RH20,GTA511,[1-06]
1.05,2,-186.25,-37.50,D514RH20,GTA511,[1-06]
1.06,2,-193.75,-38.75,D514RH20,GTA511,[1-06]
1.07,2,-213.75,-27.50,D514RH20,GTA511,[1-06]
1.08,2,-266.25,-22.50,D514RH20,GTA511,[1-06]
1.09,2,-228.75,-51.25,D514RH20,GTA511,[1-06]
1.10,2,-193.75,-52.50,D514RH20,GTA511,[1-06]
1.11,2,-186.25,-46.25,D514RH20,GTA511,[1-06]
1.12,2,-203.75,-33.75,D514RH20,GTA511,[1-06]
1.13,2,-207.50,-36.25,D514RH20,GTA511,[1-06]
1.14,2,-221.25,-31.25,D514RH20,GTA511,[1-06]
1.15,2,-221.25,-37.50,D514RH20,GTA511,[1-06]
1.16,2,-218.75,-40.00,D514RH20,GTA511,[1-06]
1.17,2,-226.25,-38.75,D514RH20,GTA511,[1-06]
1.18,2,-266.25,-18.75,D514RH20,GTA511,[1-06]
1.19,2,-366.25,-7.50,D514RH20,GTA511,[1-06]
1.20,2,-348.75,-52.50,D514RH20,GTA511,[1-06]
1.21,2,-250.00,-75.00,D514RH20,GTA511,[1-06]
1.22,2,-248.75,-52.50,D514RH20,GTA511,[1-06]
1.23,2,-255.00,-41.25,D514RH20,GTA511,[1-06]
1.24,2,-373.75,0.00,D514RH20,GTA511,[1-06]
1.25,2,-350.00,-43.75,D514RH20,GTA511,[1-06]
1.26,2,-283.75,-58.75,D514RH20,GTA511,[1-06]
1.27,2,-277.50,-51.25,D514RH20,GTA511,[1-06]
1.28,2,-253.75,-48.75,D514RH20,GTA511,[1-06]
1.29,2,-268.75,-31.25,D514RH20,GTA511,[1-06]
1.30,2,-271.25,-37.50,D514RH20,GTA511,[1-06]
1.31,2,-278.75,-30.00,D514RH20,GTA511,[1-06]
1.32,2,-283.75,-36.25,D514RH20,GTA511,[1-06]
1.33,2,-261.25,-41.25,D514RH20,GTA511,[1-06]
1.34,2,-376.25,1.25,D514RH20,GTA511,[1-06]
1.35,2,-456.25,-3.75,D514RH20,GTA511,[1-06]
1.36,2,-403.75,-68.75,D514RH20,GTA511,[1-06]
1.37,2,-263.75,-85.00,D514RH20,GTA511,[1-06]
1.38,2,-253.75,-62.50,D514RH20,GTA511,[1-06]
1.39,2,-313.75,-10.00,D514RH20,GTA511,[1-06]
1.40,2,-368.75,-23.75,D514RH20,GTA511,[1-06]
1.41,2,-297.50,-53.75,D514RH20,GTA511,[1-06]
1.42,2,-265.00,-50.00,D514RH20,GTA511,[1-06]
1.43,2,-265.00,-40.00,D514RH20,GTA511,[1-06]
1.44,2,-252.50,-35.00,D514RH20,GTA511,[1-06]
1.45,2,-320.00,-23.75,D514RH20,GTA511,[1-06]
1.46,2,-271.25,-45.00,D514RH20,GTA511,[1-06]
1.47,2,-258.75,-43.75,D514RH20,GTA511,[1-06]
1.48,2,-242.50,-42.50,D514RH20,GTA511,[1-06]
1.49,2,-266.25,-28.75,D514RH20,GTA511,[1-06]
1.50,2,-242.50,-42.50,D514RH20,GTA511,[1-06]
1.51,2,-246.25,-37.50,D514RH20,GTA511,[1-06]
1.52,2,-253.75,-32.50,D514RH20,GTA511,[1-06]
1.53,2,-273.75,-31.25,D514RH20,GTA511,[1-06]
1.54,2,-265.00,-40.00,D514RH20,GTA511,[1-06]
1.55,2,-248.75,-43.75,D514RH20,GTA511,[1-06]
1.56,2,-253.75,-36.25,D514RH20,GTA511,[1-06]
1.57,2,-272.50,-31.25,D514RH20,GTA511,[1-06]
1.58,2,-271.25,-38.75,D514RH20,GTA511,[1-06]
1.59,2,-258.75,-42.50,D514RH20,GTA511,[1-06]
1.60,2,-257.50,-38.75,D514RH20,GTA511,[1-06]
1.61,2,-240.00,-47.50,D514RH20,GTA511,[1-06]
1.62,2,-227.50,-41.25,D514RH20,GTA511,[1-06]
1.63,2,-243.75,-31.25,D514RH20,GTA511,[1-06]
1.64,2,-257.50,-32.50,D514RH20,GTA511,[1-06]
1.65,2,-242.50,-41.25,D514RH20,GTA511,[1-06]
1.66,2,-227.50,-42.50,D514RH20,GTA511,[1-06]
1.67,2,-227.50,-36.25,D514RH20,GTA511,[1-06]
1.68,2,-233.75,-37.50,D514RH20,GTA511,[1-06]
1.69,2,-236.25,-35.00,D514RH20,GTA511,[1-06]
1.70,2,-233.75,-37.50,D514RH20,GTA511,[1-06]
1.71,2,-237.50,-37.50,D514RH20,GTA511,[1-06]
1.72,2,-235.00,-40.00,D514RH20,GTA511,[1-06]
1.73,2,-223.75,-41.25,D514RH20,GTA511,[1-06]
1.74,2,-220.00,-40.00,D514RH20,GTA511,[1-06]
1.75,2,-238.75,-31.25,D514RH20,GTA511,[1-06]
1.76,2,-235.00,-40.00,D514RH20,GTA511,[1-06]
1.77,2,-222.50,-42.50,D514RH20,GTA511,[1-06]
1.78,2,-215.00,-40.00,D514RH20,GTA511,[1-06]
1.79,2,-217.50,-40.00,D514RH20,GTA511,[1-06]
1.80,2,-252.50,-25.00,D514RH20,GTA511,[1-06]
1.81,2,-212.50,-46.25,D514RH20,GTA511,[1-06]
1.82,2,-216.25,-40.00,D514RH20,GTA511,[1-06]
1.83,2,-202.50,-43.75,D514RH20,GTA511,[1-06]
1.84,2,-205.00,-37.50,D514RH20,GTA511,[1-06]
1.85,2,-206.25,-36.25,D514RH20,GTA511,[1-06]
1.86,2,-203.75,-38.75,D514RH20,GTA511,[1-06]
1.87,2,-213.75,-31.25,D514RH20,GTA511,[1-06]
1.88,2,-216.25,-37.50,D514RH20,GTA511,[1-06]
1.89,2,-205.00,-41.25,D514RH20,GTA511,[1-06]
1.90,2,-260.00,-13.75,D514RH20,GTA511,[1-06]
1.91,2,-291.25,-28.75,D514RH20,GTA511,[1-06]
1.92,2,-211.25,-62.50,D514RH20,GTA511,[1-06]
1.93,2,-206.25,-47.50,D514RH20,GTA511,[1-06]
1.94,2,-191.25,-45.00,D514RH20,GTA511,[1-06]
1.95,2,-186.25,-38.75,D514RH20,GTA511,[1-06]
1.96,2,-198.75,-33.75,D514RH20,GTA511,[1-06]
1.97,2,-193.75,-35.00,D514RH20,GTA511,[1-06]
1.98,2,-202.50,-33.75,D514RH20,GTA511,[1-06]
1.99,2,-198.75,-38.75,D514RH20,GTA511,[1-06]
2.00,2,-198.75,-32.50,D514RH20,GTA511,[1-06]
2.01,2,-275.00,-15.00,D514RH20,GTA511,[1-06]
2.02,2,-228.75,-53.75,D514RH20,GTA511,[1-06]
2.03,2,-186.25,-52.50,D514RH20,GTA511,[1-06]
2.04,2,-188.75,-45.00,D514RH20,GTA511,[1-06]
2.05,2,-195.00,-40.00,D514RH20,GTA511,[1-06]
2.06,2,-177.50,-38.75,D514RH20,GTA511,[1-06]
2.07,2,-201.25,-31.25,D514RH20,GTA511,[1-06]
2.08,2,-201.25,-35.00,D514RH20,GTA511,[1-06]
2.09,2,-203.75,-35.00,D514RH20,GTA511,[1-06]
2.10,2,-201.25,-40.00,D514RH20,GTA511,[1-06]
2.11,2,-233.75,-20.00,D514RH20,GTA511,[1-06]
2.12,2,-280.00,-28.75,D514RH20,GTA511,[1-06]
2.13,2,-195.00,-62.50,D514RH20,GTA511,[1-06]
2.14,2,-195.00,-46.25,D514RH20,GTA511,[1-06]
2.15,2,-187.50,-42.50,D514RH20,GTA511,[1-06]
2.16,2,-187.50,-42.50,D514RH20,GTA511,[1-06]
2.17,2,-182.50,-35.00,D514RH20,GTA511,[1-06]
2.18,2,-191.25,-36.25,D514RH20,GTA511,[1-06]
2.19,2,-200.00,-31.25,D514RH20,GTA511,[1-06]
2.20,2,-216.25,-31.25,D514RH20,GTA511,[1-06]
2.21,2,-208.75,-40.00,D514RH20,GTA511,[1-06]
2.22,2,-273.75,-15.00,D514RH20,GTA511,[1-06]
2.23,2,-251.25,-51.25,D514RH20,GTA511,[1-06]
2.24,2,-193.75,-55.00,D514RH20,GTA511,[1-06]
2.25,2,-208.75,-41.25,D514RH20,GTA511,[1-06]
2.26,2,-202.50,-38.75,D514RH20,GTA511,[1-06]
2.27,2,-200.00,-42.50,D514RH20,GTA511,[1-06]
2.28,2,-193.75,-37.50,D514RH20,GTA511,[1-06]
2.29,2,-201.25,-32.50,D514RH20,GTA511,[1-06]
2.30,2,-226.25,-30.00,D514RH20,GTA511,[1-06]
2.31,2,-211.25,-41.25,D514RH20,GTA511,[1-06]
2.32,2,-210.00,-37.50,D514RH20,GTA511,[1-06]
2.33,2,-222.50,-37.50,D514RH20,GTA511,[1-06]
2.34,2,-205.00,-41.25,D514RH20,GTA511,[1-06]
2.35,2,-217.50,-35.00,D514RH20,GTA511,[1-06]
2.36,2,-233.75,-33.75,D514RH20,GTA511,[1-06]
2.37,2,-222.50,-40.00,D514RH20,GTA511,[1-06]
2.38,2,-230.00,-36.25,D514RH20,GTA511,[1-06]
2.39,2,-217.50,-31.25,D514RH20,GTA511,[1-06]
2.40,2,-215.00,-13.75,D514RH20,GTA511,[1-06]
2.41,2,-222.50,-1.25,D514RH20,GTA511,[1-06]
2.42,2,-228.75,2.50,D514RH20,GTA511,[1-06]
2.43,2,-231.25,3.75,D514RH20,GTA511,[1-06]
2.44,2,-232.50,6.25,D514RH20,GTA511,[1-06]
2.45,2,-228.75,7.50,D514RH20,GTA511,[1-06]
2.46,2,-223.75,7.50,D514RH20,GTA511,[1-06]
2.47,2,-223.75,10.00,D514RH20,GTA511,[1-06]
2.48,2,-223.75,11.25,D514RH20,GTA511,[1-06]
2.49,2,-222.50,12.50,D514RH20,GTA511,[1-06]
2.50,2,-221.25,12.50,D514RH20,GTA511,[1-06]
2.51,2,-215.00,13.75,D514RH20,GTA511,[1-06]
2.52,2,-208.75,15.00,D514RH20,GTA511,[1-06]
2.53,2,-206.25,16.25,D514RH20,GTA511,[1-06]
2.54,2,-200.00,16.25,D514RH20,GTA511,[1-06]
2.55,2,-196.25,16.25,D514RH20,GTA511,[1-06]
2.56,2,-191.25,17.50,D514RH20,GTA511,[1-06]
2.57,2,-187.50,17.50,D514RH20,GTA511,[1-06]
2.58,2,-182.50,18.75,D514RH20,GTA511,[1-06]
2.59,2,-178.75,18.75,D514RH20,GTA511,[1-06]
2.60,2,-172.50,20.00,D514RH20,GTA511,[1-06]
2.61,2,-168.75,20.00,D514RH20,GTA511,[1-06]
2.62,2,-165.00,20.00,D514RH20,GTA511,[1-06]
2.63,2,-162.50,18.75,D514RH20,GTA511,[1-06]
2.64,2,-157.50,18.75,D514RH20,GTA511,[1-06]
2.65,2,-153.75,18.75,D514RH20,GTA511,[1-06]
2.66,2,-150.00,18.75,D514RH20,GTA511,[1-06]
2.67,2,-146.25,18.75,D514RH20,GTA511,[1-06]
2.68,2,-142.50,18.75,D514RH20,GTA511,[1-06]
2.69,2,-138.75,18.75,D514RH20,GTA511,[1-06]
2.70,2,-135.00,18.75,D514RH20,GTA511,[1-06]
2.71,2,-131.25,18.75,D514RH20,GTA511,[1-06]
2.72,2,-127.50,18.75,D514RH20,GTA511,[1-06]
2.73,2,-123.75,20.00,D514RH20,GTA511,[1-06]
2.74,2,-120.00,18.75,D514RH20,GTA511,[1-06]
2.75,2,-116.25,18.75,D514RH20,GTA511,[1-06]
2.76,2,-112.50,18.75,D514RH20,GTA511,[1-06]
2.77,2,-110.00,18.75,D514RH20,GTA511,[1-06]
2.78,2,-106.25,18.75,D514RH20,GTA511,[1-06]
2.79,2,-103.75,20.00,D514RH20,GTA511,[1-06]
2.80,2,-100.00,20.00,D514RH20,GTA511,[1-06]
2.81,3,-101.25,17.50,D514RH20,GTA511,[1-06]
2.82,3,-103.75,18.75,D514RH20,GTA511,[1-06]
2.83,3,-117.50,18.75,D514RH20,GTA511,[1-06]
2.84,3,-145.00,17.50,D514RH20,GTA511,[1-06]
2.85,3,-191.25,16.25,D514RH20,GTA511,[1-06]
2.86,3,-245.00,7.50,D514RH20,GTA511,[1-06]
2.87,3,-263.75,-18.75,D514RH20,GTA511,[1-06]
2.88,3,-263.75,-43.75,D514RH20,GTA511,[1-06]
2.89,3,-263.75,-67.50,D514RH20,GTA511,[1-06]
2.90,3,-282.50,-85.00,D514RH20,GTA511,[1-06]
2.91,3,-377.50,-75.00,D514RH20,GTA511,[1-06]
2.92,3,-312.50,-161.25,D514RH20,GTA511,[1-06]
2.93,3,-312.50,-187.50,D514RH20,GTA511,[1-06]
2.94,3,-342.50,-208.75,D514RH20,GTA511,[1-06]
2.95,3,-358.75,-252.50,D514RH20,GTA511,[1-06]
2.96,3,-363.75,-300.00,D514RH20,GTA511,[1-06]
2.97,3,-370.00,-342.50,D514RH20,GTA511,[1-06]
2.98,3,-371.25,-390.00,D514RH20,GTA511,[1-06]
2.99,3,-395.00,-422.50,D514RH20,GTA511,[1-06]
3.00,3,-362.50,-480.00,D514RH20,GTA511,[1-06]
3.01,3,-327.50,-527.50,D514RH20,GTA511,[1-06]
3.02,3,-323.75,-557.50,D514RH20,GTA511,[1-06]
3.03,3,-313.75,-587.50,D514RH20,GTA511,[1-06]
3.04,3,-320.00,-618.75,D514RH20,GTA511,[1-06]
3.05,3,-332.50,-632.50,D514RH20,GTA511,[1-06]
3.06,3,-351.25,-655.00,D514RH20,GTA511,[1-06]
3.07,3,-401.25,-666.25,D514RH20,GTA511,[1-06]
3.08,3,-400.00,-703.75,D514RH20,GTA511,[1-06]
3.09,3,-365.00,-732.50,D514RH20,GTA511,[1-06]
3.10,3,-352.50,-751.25,D514RH20,GTA511,[1-06]
3.11,3,-308.75,-756.25,D514RH20,GTA511,[1-06]
3.12,3,-288.75,-751.25,D514RH20,GTA511,[1-06]
3.13,3,-300.00,-737.50,D514RH20,GTA511,[1-06]
3.14,3,-296.25,-743.75,D514RH20,GTA511,[1-06]
3.15,3,-311.25,-740.00,D514RH20,GTA511,[1-06]
3.16,3,-358.75,-735.00,D514RH20,GTA511,[1-06]
3.17,3,-365.00,-746.25,D514RH20,GTA511,[1-06]
3.18,3,-351.25,-756.25,D514RH20,GTA511,[1-06]
3.19,3,-317.50,-772.50,D514RH20,GTA511,[1-06]
3.20,3,-303.75,-772.50,D514RH20,GTA511,[1-06]
3.21,3,-287.50,-766.25,D514RH20,GTA511,[1-06]
3.22,3,-278.75,-752.50,D514RH20,GTA511,[1-06]
3.23,3,-283.75,-746.25,D514RH20,GTA511,[1-06]
3.24,3,-308.75,-745.00,D514RH20,GTA511,[1-06]
3.25,3,-345.00,-736.25,D514RH20,GTA511,[1-06]
3.26,3,-343.75,-743.75,D514RH20,GTA511,[1-06]
3.27,3,-328.75,-766.25,D514RH20,GTA511,[1-06]
3.28,3,-310.00,-765.00,D514RH20,GTA511,[1-06]
3.29,3,-291.25,-765.00,D514RH20,GTA511,[1-06]
3.30,3,-287.50,-762.50,D514RH20,GTA511,[1-06]
3.31,3,-272.50,-752.50,D514RH20,GTA511,[1-06]
3.32,3,-282.50,-747.50,D514RH20,GTA511,[1-06]
3.33,3,-311.25,-740.00,D514RH20,GTA511,[1-06]
3.34,3,-343.75,-733.75,D514RH20,GTA511,[1-06]
3.35,3,-347.50,-753.75,D514RH20,GTA511,[1-06]
3.36,3,-332.50,-753.75,D514RH20,GTA511,[1-06]
3.37,3,-303.75,-770.00,D514RH20,GTA511,[1-06]
3.38,3,-286.25,-766.25,D514RH20,GTA511,[1-06]
3.39,3,-283.75,-755.00,D514RH20,GTA511,[1-06]
3.40,3,-281.25,-756.25,D514RH20,GTA511,[1-06]
3.41,3,-290.00,-748.75,D514RH20,GTA511,[1-06]
3.42,3,-312.50,-746.25,D514RH20,GTA511,[1-06]
3.43,3,-350.00,-736.25,D514RH20,GTA511,[1-06]
3.44,3,-351.25,-747.50,D514RH20,GTA511,[1-06]
3.45,3,-331.25,-758.75,D514RH20,GTA511,[1-06]
3.46,3,-302.50,-768.75,D514RH20,GTA511,[1-06]
3.47,3,-283.75,-768.75,D514RH20,GTA511,[1-06]
3.48,3,-278.75,-761.25,D514RH20,GTA511,[1-06]
3.49,3,-278.75,-752.50,D514RH20,GTA511,[1-06]
3.50,3,-287.50,-742.50,D514RH20,GTA511,[1-06]
3.51,3,-326.25,-736.25,D514RH20,GTA511,[1-06]
3.52,3,-356.25,-746.25,D514RH20,GTA511,[1-06]
3.53,3,-361.25,-753.75,D514RH20,GTA511,[1-06]
3.54,3,-341.25,-760.00,D514RH20,GTA511,[1-06]
3.55,3,-307.50,-771.25,D514RH20,GTA511,[1-06]
3.56,3,-283.75,-778.75,D514RH20,GTA511,[1-06]
3.57,3,-283.75,-757.50,D514RH20,GTA511,[1-06]
3.58,3,-301.25,-751.25,D514RH20,GTA511,[1-06]
3.59,3,-310.00,-750.00,D514RH20,GTA511,[1-06]
3.60,3,-337.50,-735.00,D514RH20,GTA511,[1-06]
3.61,3,-360.00,-747.50,D514RH20,GTA511,[1-06]
3.62,3,-362.50,-752.50,D514RH20,GTA511,[1-06]
3.63,3,-347.50,-768.75,D514RH20,GTA511,[1-06]
3.64,3,-313.75,-765.00,D514RH20,GTA511,[1-06]
3.65,3,-291.25,-758.75,D514RH20,GTA511,[1-06]
3.66,3,-288.75,-765.00,D514RH20,GTA511,[1-06]
3.67,3,-298.75,-750.00,D514RH20,GTA511,[1-06]
3.68,3,-315.00,-740.00,D514RH20,GTA511,[1-06]
3.69,3,-346.25,-741.25,D514RH20,GTA511,[1-06]
3.70,3,-360.00,-743.75,D514RH20,GTA511,[1-06]
3.71,3,-353.75,-765.00,D514RH20,GTA511,[1-06]
3.72,3,-327.50,-761.25,D514RH20,GTA511,[1-06]
3.73,3,-302.50,-760.00,D514RH20,GTA511,[1-06]
3.74,3,-285.00,-762.50,D514RH20,GTA511,[1-06]
3.75,3,-282.50,-755.00,D514RH20,GTA511,[1-06]
3.76,3,-296.25,-751.25,D514RH20,GTA511,[1-06]
3.77,3,-333.75,-731.25,D514RH20,GTA511,[1-06]
3.78,3,-355.00,-742.50,D514RH20,GTA511,[1-06]
3.79,3,-345.00,-758.75,D514RH20,GTA511,[1-06]
3.80,3,-340.00,-758.75,D514RH20,GTA511,[1-06]
3.81,3,-333.75,-765.00,D514RH20,GTA511,[1-06]
3.82,3,-307.50,-773.75,D514RH20,GTA511,[1-06]
3.83,3,-288.75,-761.25,D514RH20,GTA511,[1-06]
3.84,3,-287.50,-761.25,D514RH20,GTA511,[1-06]
3.85,3,-296.25,-750.00,D514RH20,GTA511,[1-06]
3.86,3,-313.75,-736.25,D514RH20,GTA511,[1-06]
3.87,3,-351.25,-741.25,D514RH20,GTA511,[1-06]
3.88,3,-352.50,-747.50,D514RH20,GTA511,[1-06]
3.89,3,-341.25,-766.25,D514RH20,GTA511,[1-06]
3.90,3,-317.50,-761.25,D514RH20,GTA511,[1-06]
3.91,3,-298.75,-763.75,D514RH20,GTA511,[1-06]
3.92,3,-296.25,-755.00,D514RH20,GTA511,[1-06]
3.93,3,-285.00,-756.25,D514RH20,GTA511,[1-06]
3.94,3,-302.50,-742.50,D514RH20,GTA511,[1-06]
3.95,3,-321.25,-736.25,D514RH20,GTA511,[1-06]
3.96,3,-361.25,-747.50,D514RH20,GTA511,[1-06]
3.97,3,-362.50,-760.00,D514RH20,GTA511,[1-06]
3.98,3,-337.50,-762.50,D514RH20,GTA511,[1-06]
3.99,3,-302.50,-765.00,D514RH20,GTA511,[1-06]
4.00,3,-288.75,-767.50,D514RH20,GTA511,[1-06]
4.01,3,-280.00,-761.25,D514RH20,GTA511,[1-06]
4.02,3,-282.50,-755.00,D514RH20,GTA511,[1-06]
4.03,3,-296.25,-736.25,D514RH20,GTA511,[1-06]
4.04,3,-333.75,-717.50,D514RH20,GTA511,[1-06]
4.05,3,-358.75,-712.50,D514RH20,GTA511,[1-06]
4.06,3,-338.75,-721.25,D514RH20,GTA511,[1-06]
4.07,3,-317.50,-711.25,D514RH20,GTA511,[1-06]
4.08,3,-277.50,-695.00,D514RH20,GTA511,[1-06]
4.09,3,-265.00,-668.75,D514RH20,GTA511,[1-06]
4.10,3,-241.25,-635.00,D514RH20,GTA511,[1-06]
4.11,3,-235.00,-598.75,D514RH20,GTA511,[1-06]
4.12,3,-235.00,-561.25,D514RH20,GTA511,[1-06]
4.13,3,-250.00,-521.25,D514RH20,GTA511,[1-06]
4.14,3,-246.25,-475.00,D514RH20,GTA511,[1-06]
4.15,3,-255.00,-431.25,D514RH20,GTA511,[1-06]
4.16,3,-253.75,-398.75,D514RH20,GTA511,[1-06]
4.17,3,-245.00,-355.00,D514RH20,GTA511,[1-06]
4.18,3,-236.25,-311.25,D514RH20,GTA511,[1-06]
4.19,3,-221.25,-270.00,D514RH20,GTA511,[1-06]
4.20,3,-220.00,-228.75,D514RH20,GTA511,[1-06]
4.21,3,-220.00,-188.75,D514RH20,GTA511,[1-06]
4.22,3,-200.00,-156.25,D514RH20,GTA511,[1-06]
4.23,3,-196.25,-126.25,D514RH20,GTA511,[1-06]
4.24,3,-182.50,-97.50,D514RH20,GTA511,[1-06]
4.25,3,-192.50,-66.25,D514RH20,GTA511,[1-06]
4.26,3,-191.25,-47.50,D514RH20,GTA511,[1-06]
4.27,3,-178.75,-33.75,D514RH20,GTA511,[1-06]
4.28,3,-171.25,-16.25,D514RH20,GTA511,[1-06]
4.29,3,-188.75,-1.25,D514RH20,GTA511,[1-06]
4.30,3,-187.50,1.25,D514RH20,GTA511,[1-06]
4.31,3,-188.75,2.50,D514RH20,GTA511,[1-06]
4.32,3,-190.00,6.25,D514RH20,GTA511,[1-06]
4.33,3,-190.00,10.00,D514RH20,GTA511,[1-06]
4.34,3,-193.75,10.00,D514RH20,GTA511,[1-06]
4.35,3,-193.75,10.00,D514RH20,GTA511,[1-06]
4.36,3,-193.75,11.25,D514RH20,GTA511,[1-06]
4.37,3,-193.75,11.25,D514RH20,GTA511,[1-06]
4.38,3,-193.75,11.25,D514RH20,GTA511,[1-06]
4.39,3,-192.50,12.50,D514RH20,GTA511,[1-06]
0.01,1,127.50,11.25,D514RH20,GTA511,[1-08]
0.02,1,115.00,12.50,D514RH20,GTA511,[1-08]
0.03,1,58.75,8.75,D514RH20,GTA511,[1-08]
0.04,1,-50.00,3.75,D514RH20,GTA511,[1-08]
0.05,1,-211.25,-7.50,D514RH20,GTA511,[1-08]
0.06,1,-412.50,-56.25,D514RH20,GTA511,[1-08]
0.07,1,-402.50,-188.75,D514RH20,GTA511,[1-08]
0.08,1,-396.25,-258.75,D514RH20,GTA511,[1-08]
0.09,1,-418.75,-308.75,D514RH20,GTA511,[1-08]
0.10,1,-417.50,-358.75,D514RH20,GTA511,[1-08]
0.11,1,-438.75,-396.25,D514RH20,GTA511,[1-08]
0.12,1,-447.50,-446.25,D514RH20,GTA511,[1-08]
0.13,1,-430.00,-476.25,D514RH20,GTA511,[1-08]
0.14,1,-420.00,-495.00,D514RH20,GTA511,[1-08]
0.15,1,-396.25,-502.50,D514RH20,GTA511,[1-08]
0.16,1,-410.00,-495.00,D514RH20,GTA511,[1-08]
0.17,1,-411.25,-500.00,D514RH20,GTA511,[1-08]
0.18,1,-416.25,-495.00,D514RH20,GTA511,[1-08]
0.19,1,-410.00,-495.00,D514RH20,GTA511,[1-08]
0.20,1,-403.75,-478.75,D514RH20,GTA511,[1-08]
0.21,1,-382.50,-453.75,D514RH20,GTA511,[1-08]
0.22,1,-376.25,-408.75,D514RH20,GTA511,[1-08]
0.23,1,-383.75,-358.75,D514RH20,GTA511,[1-08]
0.24,1,-398.75,-310.00,D514RH20,GTA511,[1-08]
0.25,1,-376.25,-276.25,D514RH20,GTA511,[1-08]
0.26,1,-358.75,-228.75,D514RH20,GTA511,[1-08]
0.27,1,-342.50,-177.50,D514RH20,GTA511,[1-08]
0.28,1,-327.50,-126.25,D514RH20,GTA511,[1-08]
0.29,1,-301.25,-88.75,D514RH20,GTA511,[1-08]
0.30,1,-306.25,-47.50,D514RH20,GTA511,[1-08]
0.31,1,-311.25,-23.75,D514RH20,GTA511,[1-08]
0.32,1,-308.75,-12.50,D514RH20,GTA511,[1-08]
0.33,1,-311.25,-1.25,D514RH20,GTA511,[1-08]
0.34,1,-308.75,0.00,D514RH20,GTA511,[1-08]
0.35,1,-310.00,1.25,D514RH20,GTA511,[1-08]
0.36,1,-311.25,2.50,D514RH20,GTA511,[1-08]
0.37,1,-311.25,5.00,D514RH20,GTA511,[1-08]
0.38,1,-310.00,3.75,D514RH20,GTA511,[1-08]
0.39,2,-307.50,2.50,D514RH20,GTA511,[1-08]
0.40,2,-316.25,0.00,D514RH20,GTA511,[1-08]
0.41,2,-320.00,-13.75,D514RH20,GTA511,[1-08]
0.42,2,-313.75,-28.75,D514RH20,GTA511,[1-08]
0.43,2,-312.50,-32.50,D514RH20,GTA511,[1-08]
0.44,2,-323.75,-33.75,D514RH20,GTA511,[1-08]
0.45,2,-328.75,-32.50,D514RH20,GTA511,[1-08]
0.46,2,-328.75,-42.50,D514RH20,GTA511,[1-08]
0.47,2,-318.75,-47.50,D514RH20,GTA511,[1-08]
0.48,2,-312.50,-48.75,D514RH20,GTA511,[1-08]
0.49,2,-316.25,-43.75,D514RH20,GTA511,[1-08]
0.50,2,-326.25,-40.00,D514RH20,GTA511,[1-08]
0.51,2,-330.00,-42.50,D514RH20,GTA511,[1-08]
0.52,2,-323.75,-48.75,D514RH20,GTA511,[1-08]
0.53,2,-311.25,-53.75,D514RH20,GTA511,[1-08]
0.54,2,-297.50,-51.25,D514RH20,GTA511,[1-08]
0.55,2,-300.00,-43.75,D514RH20,GTA511,[1-08]
0.56,2,-302.50,-45.00,D514RH20,GTA511,[1-08]
0.57,2,-296.25,-47.50,D514RH20,GTA511,[1-08]
0.58,2,-286.25,-48.75,D514RH20,GTA511,[1-08]
0.59,2,-278.75,-47.50,D514RH20,GTA511,[1-08]
0.60,2,-283.75,-41.25,D514RH20,GTA511,[1-08]
0.61,2,-297.50,-35.00,D514RH20,GTA511,[1-08]
0.62,2,-302.50,-41.25,D514RH20,GTA511,[1-08]
0.63,2,-298.75,-45.00,D514RH20,GTA511,[1-08]
0.64,2,-286.25,-50.00,D514RH20,GTA511,[1-08]
0.65,2,-283.75,-47.50,D514RH20,GTA511,[1-08]
0.66,2,-285.00,-42.50,D514RH20,GTA511,[1-08]
0.67,2,-295.00,-41.25,D514RH20,GTA511,[1-08]
0.68,2,-296.25,-45.00,D514RH20,GTA511,[1-08]
0.69,2,-287.50,-48.75,D514RH20,GTA511,[1-08]
0.70,2,-277.50,-51.25,D514RH20,GTA511,[1-08]
0.71,2,-267.50,-48.75,D514RH20,GTA511,[1-08]
0.72,2,-273.75,-45.00,D514RH20,GTA511,[1-08]
0.73,2,-276.25,-40.00,D514RH20,GTA511,[1-08]
0.74,2,-273.75,-45.00,D514RH20,GTA511,[1-08]
0.75,2,-265.00,-47.50,D514RH20,GTA511,[1-08]
0.76,2,-257.50,-47.50,D514RH20,GTA511,[1-08]
0.77,2,-261.25,-42.50,D514RH20,GTA511,[1-08]
0.78,2,-270.00,-37.50,D514RH20,GTA511,[1-08]
0.79,2,-275.00,-40.00,D514RH20,GTA511,[1-08]
0.80,2,-267.50,-50.00,D514RH20,GTA511,[1-08]
0.81,2,-262.50,-50.00,D514RH20,GTA511,[1-08]
0.82,2,-257.50,-46.25,D514RH20,GTA511,[1-08]
0.83,2,-265.00,-41.25,D514RH20,GTA511,[1-08]
0.84,2,-273.75,-38.75,D514RH20,GTA511,[1-08]
0.85,2,-275.00,-45.00,D514RH20,GTA511,[1-08]
0.86,2,-265.00,-50.00,D514RH20,GTA511,[1-08]
0.87,2,-252.50,-51.25,D514RH20,GTA511,[1-08]
0.88,2,-252.50,-45.00,D514RH20,GTA511,[1-08]
0.89,2,-261.25,-41.25,D514RH20,GTA511,[1-08]
0.90,2,-263.75,-45.00,D514RH20,GTA511,[1-08]
0.91,2,-255.00,-46.25,D514RH20,GTA511,[1-08]
0.92,2,-251.25,-48.75,D514RH20,GTA511,[1-08]
0.93,2,-252.50,-43.75,D514RH20,GTA511,[1-08]
0.94,2,-265.00,-38.75,D514RH20,GTA511,[1-08]
0.95,2,-278.75,-38.75,D514RH20,GTA511,[1-08]
0.96,2,-282.50,-42.50,D514RH20,GTA511,[1-08]
0.97,2,-277.50,-50.00,D514RH20,GTA511,[1-08]
0.98,2,-270.00,-51.25,D514RH20,GTA511,[1-08]
0.99,2,-273.75,-46.25,D514RH20,GTA511,[1-08]
1.00,2,-283.75,-42.50,D514RH20,GTA511,[1-08]
1.01,2,-290.00,-41.25,D514RH20,GTA511,[1-08]
1.02,2,-287.50,-50.00,D514RH20,GTA511,[1-08]
1.03,2,-278.75,-50.00,D514RH20,GTA511,[1-08]
1.04,2,-270.00,-50.00,D514RH20,GTA511,[1-08]
1.05,2,-275.00,-43.75,D514RH20,GTA511,[1-08]
1.06,2,-285.00,-42.50,D514RH20,GTA511,[1-08]
1.07,2,-283.75,-46.25,D514RH20,GTA511,[1-08]
1.08,2,-276.25,-47.50,D514RH20,GTA511,[1-08]
1.09,2,-271.25,-46.25,D514RH20,GTA511,[1-08]
1.10,2,-275.00,-46.25,D514RH20,GTA511,[1-08]
1.11,2,-286.25,-40.00,D514RH20,GTA511,[1-08]
1.12,2,-291.25,-43.75,D514RH20,GTA511,[1-08]
1.13,2,-295.00,-40.00,D514RH20,GTA511,[1-08]
1.14,2,-292.50,-47.50,D514RH20,GTA511,[1-08]
1.15,2,-281.25,-50.00,D514RH20,GTA511,[1-08]
1.16,2,-288.75,-45.00,D514RH20,GTA511,[1-08]
1.17,2,-298.75,-40.00,D514RH20,GTA511,[1-08]
1.18,2,-303.75,-43.75,D514RH20,GTA511,[1-08]
1.19,2,-303.75,-46.25,D514RH20,GTA511,[1-08]
1.20,2,-288.75,-51.25,D514RH20,GTA511,[1-08]
1.21,2,-285.00,-50.00,D514RH20,GTA511,[1-08]
1.22,2,-300.00,-42.50,D514RH20,GTA511,[1-08]
1.23,2,-303.75,-42.50,D514RH20,GTA511,[1-08]
1.24,2,-302.50,-45.00,D514RH20,GTA511,[1-08]
1.25,2,-293.75,-48.75,D514RH20,GTA511,[1-08]
1.26,2,-288.75,-48.75,D514RH20,GTA511,[1-08]
1.27,2,-293.75,-41.25,D514RH20,GTA511,[1-08]
1.28,2,-312.50,-36.25,D514RH20,GTA511,[1-08]
1.29,2,-323.75,-38.75,D514RH20,GTA511,[1-08]
1.30,2,-322.50,-46.25,D514RH20,GTA511,[1-08]
1.31,2,-308.75,-51.25,D514RH20,GTA511,[1-08]
1.32,2,-308.75,-47.50,D514RH20,GTA511,[1-08]
1.33,2,-317.50,-43.75,D514RH20,GTA511,[1-08]
1.34,2,-325.00,-41.25,D514RH20,GTA511,[1-08]
1.35,2,-326.25,-45.00,D514RH20,GTA511,[1-08]
1.36,2,-318.75,-50.00,D514RH20,GTA511,[1-08]
1.37,2,-307.50,-51.25,D514RH20,GTA511,[1-08]
1.38,2,-303.75,-46.25,D514RH20,GTA511,[1-08]
1.39,2,-315.00,-40.00,D514RH20,GTA511,[1-08]
1.40,2,-317.50,-43.75,D514RH20,GTA511,[1-08]
1.41,2,-307.50,-48.75,D514RH20,GTA511,[1-08]
1.42,2,-300.00,-51.25,D514RH20,GTA511,[1-08]
1.43,2,-296.25,-45.00,D514RH20,GTA511,[1-08]
1.44,2,-307.50,-40.00,D514RH20,GTA511,[1-08]
1.45,2,-318.75,-37.50,D514RH20,GTA511,[1-08]
1.46,2,-321.25,-42.50,D514RH20,GTA511,[1-08]
1.47,2,-313.75,-48.75,D514RH20,GTA511,[1-08]
1.48,2,-306.25,-48.75,D514RH20,GTA511,[1-08]
1.49,2,-312.50,-46.25,D514RH20,GTA511,[1-08]
1.50,2,-323.75,-38.75,D514RH20,GTA511,[1-08]
1.51,2,-331.25,-40.00,D514RH20,GTA511,[1-08]
1.52,2,-326.25,-46.25,D514RH20,GTA511,[1-08]
1.53,2,-316.25,-52.50,D514RH20,GTA511,[1-08]
1.54,2,-305.00,-51.25,D514RH20,GTA511,[1-08]
1.55,2,-308.75,-45.00,D514RH20,GTA511,[1-08]
1.56,2,-313.75,-42.50,D514RH20,GTA511,[1-08]
1.57,2,-311.25,-46.25,D514RH20,GTA511,[1-08]
1.58,2,-303.75,-50.00,D514RH20,GTA511,[1-08]
1.59,2,-296.25,-47.50,D514RH20,GTA511,[1-08]
1.60,2,-298.75,-43.75,D514RH20,GTA511,[1-08]
1.61,2,-310.00,-38.75,D514RH20,GTA511,[1-08]
1.62,2,-320.00,-40.00,D514RH20,GTA511,[1-08]
1.63,2,-313.75,-45.00,D514RH20,GTA511,[1-08]
1.64,2,-302.50,-51.25,D514RH20,GTA511,[1-08]
1.65,2,-295.00,-51.25,D514RH20,GTA511,[1-08]
1.66,2,-298.75,-43.75,D514RH20,GTA511,[1-08]
1.67,2,-305.00,-40.00,D514RH20,GTA511,[1-08]
1.68,2,-305.00,-43.75,D514RH20,GTA511,[1-08]
1.69,2,-297.50,-47.50,D514RH20,GTA511,[1-08]
1.70,2,-287.50,-52.50,D514RH20,GTA511,[1-08]
1.71,2,-277.50,-47.50,D514RH20,GTA511,[1-08]
1.72,2,-282.50,-43.75,D514RH20,GTA511,[1-08]
1.73,2,-286.25,-41.25,D514RH20,GTA511,[1-08]
1.74,2,-283.75,-45.00,D514RH20,GTA511,[1-08]
1.75,2,-272.50,-50.00,D514RH20,GTA511,[1-08]
1.76,2,-263.75,-45.00,D514RH20,GTA511,[1-08]
1.77,2,-271.25,-42.50,D514RH20,GTA511,[1-08]
1.78,2,-281.25,-36.25,D514RH20,GTA511,[1-08]
1.79,2,-286.25,-37.50,D514RH20,GTA511,[1-08]
1.80,2,-278.75,-47.50,D514RH20,GTA511,[1-08]
1.81,2,-273.75,-48.75,D514RH20,GTA511,[1-08]
1.82,2,-273.75,-45.00,D514RH20,GTA511,[1-08]
1.83,2,-278.75,-41.25,D514RH20,GTA511,[1-08]
1.84,2,-287.50,-41.25,D514RH20,GTA511,[1-08]
1.85,2,-291.25,-41.25,D514RH20,GTA511,[1-08]
1.86,2,-278.75,-51.25,D514RH20,GTA511,[1-08]
1.87,2,-263.75,-52.50,D514RH20,GTA511,[1-08]
1.88,2,-261.25,-48.75,D514RH20,GTA511,[1-08]
1.89,2,-261.25,-42.50,D514RH20,GTA511,[1-08]
1.90,2,-261.25,-43.75,D514RH20,GTA511,[1-08]
1.91,2,-256.25,-46.25,D514RH20,GTA511,[1-08]
1.92,2,-246.25,-48.75,D514RH20,GTA511,[1-08]
1.93,2,-246.25,-46.25,D514RH20,GTA511,[1-08]
1.94,2,-255.00,-41.25,D514RH20,GTA511,[1-08]
1.95,2,-261.25,-40.00,D514RH20,GTA511,[1-08]
1.96,2,-262.50,-43.75,D514RH20,GTA511,[1-08]
1.97,2,-256.25,-47.50,D514RH20,GTA511,[1-08]
1.98,2,-247.50,-48.75,D514RH20,GTA511,[1-08]
1.99,2,-248.75,-47.50,D514RH20,GTA511,[1-08]
2.00,2,-253.75,-40.00,D514RH20,GTA511,[1-08]
2.01,2,-261.25,-42.50,D514RH20,GTA511,[1-08]
2.02,2,-258.75,-43.75,D514RH20,GTA511,[1-08]
2.03,2,-247.50,-50.00,D514RH20,GTA511,[1-08]
2.04,2,-240.00,-50.00,D514RH20,GTA511,[1-08]
2.05,2,-242.50,-43.75,D514RH20,GTA511,[1-08]
2.06,2,-250.00,-42.50,D514RH20,GTA511,[1-08]
2.07,2,-248.75,-43.75,D514RH20,GTA511,[1-08]
2.08,2,-242.50,-46.25,D514RH20,GTA511,[1-08]
2.09,2,-233.75,-47.50,D514RH20,GTA511,[1-08]
2.10,2,-237.50,-45.00,D514RH20,GTA511,[1-08]
2.11,2,-246.25,-38.75,D514RH20,GTA511,[1-08]
2.12,2,-257.50,-38.75,D514RH20,GTA511,[1-08]
2.13,2,-257.50,-42.50,D514RH20,GTA511,[1-08]
2.14,2,-252.50,-47.50,D514RH20,GTA511,[1-08]
2.15,2,-247.50,-48.75,D514RH20,GTA511,[1-08]
2.16,2,-251.25,-41.25,D514RH20,GTA511,[1-08]
2.17,2,-263.75,-41.25,D514RH20,GTA511,[1-08]
2.18,2,-266.25,-43.75,D514RH20,GTA511,[1-08]
2.19,2,-263.75,-48.75,D514RH20,GTA511,[1-08]
2.20,2,-255.00,-51.25,D514RH20,GTA511,[1-08]
2.21,2,-246.25,-48.75,D514RH20,GTA511,[1-08]
2.22,2,-250.00,-43.75,D514RH20,GTA511,[1-08]
2.23,2,-252.50,-42.50,D514RH20,GTA511,[1-08]
2.24,2,-251.25,-47.50,D514RH20,GTA511,[1-08]
2.25,2,-246.25,-47.50,D514RH20,GTA511,[1-08]
2.26,2,-245.00,-46.25,D514RH20,GTA511,[1-08]
2.27,2,-252.50,-42.50,D514RH20,GTA511,[1-08]
2.28,2,-265.00,-38.75,D514RH20,GTA511,[1-08]
2.29,2,-271.25,-38.75,D514RH20,GTA511,[1-08]
2.30,2,-272.50,-45.00,D514RH20,GTA511,[1-08]
2.31,2,-263.75,-51.25,D514RH20,GTA511,[1-08]
2.32,2,-261.25,-48.75,D514RH20,GTA511,[1-08]
2.33,2,-272.50,-42.50,D514RH20,GTA511,[1-08]
2.34,2,-280.00,-41.25,D514RH20,GTA511,[1-08]
2.35,2,-285.00,-42.50,D514RH20,GTA511,[1-08]
2.36,2,-285.00,-48.75,D514RH20,GTA511,[1-08]
2.37,2,-277.50,-50.00,D514RH20,GTA511,[1-08]
2.38,2,-276.25,-45.00,D514RH20,GTA511,[1-08]
2.39,2,-275.00,-36.25,D514RH20,GTA511,[1-08]
2.40,2,-275.00,-17.50,D514RH20,GTA511,[1-08]
2.41,2,-280.00,-7.50,D514RH20,GTA511,[1-08]
2.42,2,-283.75,0.00,D514RH20,GTA511,[1-08]
2.43,2,-291.25,0.00,D514RH20,GTA511,[1-08]
2.44,2,-292.50,1.25,D514RH20,GTA511,[1-08]
2.45,2,-287.50,0.00,D514RH20,GTA511,[1-08]
2.46,2,-285.00,0.00,D514RH20,GTA511,[1-08]
2.47,2,-282.50,5.00,D514RH20,GTA511,[1-08]
2.48,2,-288.75,6.25,D514RH20,GTA511,[1-08]
2.49,2,-291.25,8.75,D514RH20,GTA511,[1-08]
2.50,2,-291.25,5.00,D514RH20,GTA511,[1-08]
2.51,2,-283.75,3.75,D514RH20,GTA511,[1-08]
2.52,2,-282.50,10.00,D514RH20,GTA511,[1-08]
2.53,2,-285.00,11.25,D514RH20,GTA511,[1-08]
2.54,2,-282.50,12.50,D514RH20,GTA511,[1-08]
2.55,2,-282.50,12.50,D514RH20,GTA511,[1-08]
2.56,2,-280.00,13.75,D514RH20,GTA511,[1-08]
2.57,2,-282.50,11.25,D514RH20,GTA511,[1-08]
2.58,2,-280.00,11.25,D514RH20,GTA511,[1-08]
2.59,2,-280.00,11.25,D514RH20,GTA511,[1-08]
2.60,2,-277.50,12.50,D514RH20,GTA511,[1-08]
2.61,2,-276.25,12.50,D514RH20,GTA511,[1-08]
2.62,2,-276.25,11.25,D514RH20,GTA511,[1-08]
2.63,2,-273.75,11.25,D514RH20,GTA511,[1-08]
2.64,2,-270.00,13.75,D514RH20,GTA511,[1-08]
2.65,2,-271.25,12.50,D514RH20,GTA511,[1-08]
2.66,2,-268.75,13.75,D514RH20,GTA511,[1-08]
2.67,2,-270.00,12.50,D514RH20,GTA511,[1-08]
2.68,2,-266.25,12.50,D514RH20,GTA511,[1-08]
2.69,2,-266.25,12.50,D514RH20,GTA511,[1-08]
2.70,2,-263.75,12.50,D514RH20,GTA511,[1-08]
2.71,2,-263.75,11.25,D514RH20,GTA511,[1-08]
2.72,2,-262.50,11.25,D514RH20,GTA511,[1-08]
2.73,2,-261.25,12.50,D514RH20,GTA511,[1-08]
2.74,2,-260.00,11.25,D514RH20,GTA511,[1-08]
2.75,2,-258.75,12.50,D514RH20,GTA511,[1-08]
2.76,2,-257.50,13.75,D514RH20,GTA511,[1-08]
2.77,2,-256.25,12.50,D514RH20,GTA511,[1-08]
2.78,2,-256.25,11.25,D514RH20,GTA511,[1-08]
2.79,2,-255.00,11.25,D514RH20,GTA511,[1-08]
2.80,2,-252.50,11.25,D514RH20,GTA511,[1-08]
2.81,3,-255.00,13.75,D514RH20,GTA511,[1-08]
2.82,3,-261.25,11.25,D514RH20,GTA511,[1-08]
2.83,3,-270.00,11.25,D514RH20,GTA511,[1-08]
2.84,3,-290.00,11.25,D514RH20,GTA511,[1-08]
2.85,3,-323.75,8.75,D514RH20,GTA511,[1-08]
2.86,3,-306.25,-28.75,D514RH20,GTA511,[1-08]
2.87,3,-281.25,-45.00,D514RH20,GTA511,[1-08]
2.88,3,-302.50,-45.00,D514RH20,GTA511,[1-08]
2.89,3,-328.75,-56.25,D514RH20,GTA511,[1-08]
2.90,3,-347.50,-83.75,D514RH20,GTA511,[1-08]
2.91,3,-353.75,-112.50,D514RH20,GTA511,[1-08]
2.92,3,-390.00,-135.00,D514RH20,GTA511,[1-08]
2.93,3,-406.25,-181.25,D514RH20,GTA511,[1-08]
2.94,3,-418.75,-213.75,D514RH20,GTA511,[1-08]
2.95,3,-437.50,-251.25,D514RH20,GTA511,[1-08]
2.96,3,-471.25,-292.50,D514RH20,GTA511,[1-08]
2.97,3,-496.25,-343.75,D514RH20,GTA511,[1-08]
2.98,3,-505.00,-397.50,D514RH20,GTA511,[1-08]
2.99,3,-516.25,-443.75,D514RH20,GTA511,[1-08]
3.00,3,-495.00,-498.75,D514RH20,GTA511,[1-08]
3.01,3,-493.75,-532.50,D514RH20,GTA511,[1-08]
3.02,3,-467.50,-575.00,D514RH20,GTA511,[1-08]
3.03,3,-461.25,-603.75,D514RH20,GTA511,[1-08]
3.04,3,-465.00,-625.00,D514RH20,GTA511,[1-08]
3.05,3,-471.25,-648.75,D514RH20,GTA511,[1-08]
3.06,3,-505.00,-660.00,D514RH20,GTA511,[1-08]
3.07,3,-532.50,-678.75,D514RH20,GTA511,[1-08]
3.08,3,-542.50,-713.75,D514RH20,GTA511,[1-08]
3.09,3,-545.00,-732.50,D514RH20,GTA511,[1-08]
3.10,3,-522.50,-760.00,D514RH20,GTA511,[1-08]
3.11,3,-478.75,-770.00,D514RH20,GTA511,[1-08]
3.12,3,-448.75,-777.50,D514RH20,GTA511,[1-08]
3.13,3,-438.75,-762.50,D514RH20,GTA511,[1-08]
3.14,3,-450.00,-748.75,D514RH20,GTA511,[1-08]
3.15,3,-470.00,-738.75,D514RH20,GTA511,[1-08]
3.16,3,-508.75,-736.25,D514RH20,GTA511,[1-08]
3.17,3,-522.50,-752.50,D514RH20,GTA511,[1-08]
3.18,3,-521.25,-763.75,D514RH20,GTA511,[1-08]
3.19,3,-493.75,-776.25,D514RH20,GTA511,[1-08]
3.20,3,-463.75,-781.25,D514RH20,GTA511,[1-08]
3.21,3,-431.25,-777.50,D514RH20,GTA511,[1-08]
3.22,3,-422.50,-770.00,D514RH20,GTA511,[1-08]
3.23,3,-440.00,-753.75,D514RH20,GTA511,[1-08]
3.24,3,-475.00,-740.00,D514RH20,GTA511,[1-08]
3.25,3,-512.50,-741.25,D514RH20,GTA511,[1-08]
3.26,3,-516.25,-758.75,D514RH20,GTA511,[1-08]
3.27,3,-512.50,-771.25,D514RH20,GTA511,[1-08]
3.28,3,-483.75,-782.50,D514RH20,GTA511,[1-08]
3.29,3,-450.00,-785.00,D514RH20,GTA511,[1-08]
3.30,3,-425.00,-781.25,D514RH20,GTA511,[1-08]
3.31,3,-426.25,-762.50,D514RH20,GTA511,[1-08]
3.32,3,-447.50,-750.00,D514RH20,GTA511,[1-08]
3.33,3,-478.75,-741.25,D514RH20,GTA511,[1-08]
3.34,3,-507.50,-746.25,D514RH20,GTA511,[1-08]
3.35,3,-508.75,-760.00,D514RH20,GTA511,[1-08]
3.36,3,-505.00,-766.25,D514RH20,GTA511,[1-08]
3.37,3,-477.50,-777.50,D514RH20,GTA511,[1-08]
3.38,3,-450.00,-781.25,D514RH20,GTA511,[1-08]
3.39,3,-428.75,-773.75,D514RH20,GTA511,[1-08]
3.40,3,-427.50,-766.25,D514RH20,GTA511,[1-08]
3.41,3,-442.50,-753.75,D514RH20,GTA511,[1-08]
3.42,3,-473.75,-736.25,D514RH20,GTA511,[1-08]
3.43,3,-497.50,-747.50,D514RH20,GTA511,[1-08]
3.44,3,-497.50,-765.00,D514RH20,GTA511,[1-08]
3.45,3,-492.50,-770.00,D514RH20,GTA511,[1-08]
3.46,3,-460.00,-783.75,D514RH20,GTA511,[1-08]
3.47,3,-432.50,-782.50,D514RH20,GTA511,[1-08]
3.48,3,-413.75,-777.50,D514RH20,GTA511,[1-08]
3.49,3,-418.75,-760.00,D514RH20,GTA511,[1-08]
3.50,3,-433.75,-748.75,D514RH20,GTA511,[1-08]
3.51,3,-473.75,-737.50,D514RH20,GTA511,[1-08]
3.52,3,-493.75,-745.00,D514RH20,GTA511,[1-08]
3.53,3,-496.25,-761.25,D514RH20,GTA511,[1-08]
3.54,3,-492.50,-767.50,D514RH20,GTA511,[1-08]
3.55,3,-468.75,-776.25,D514RH20,GTA511,[1-08]
3.56,3,-435.00,-782.50,D514RH20,GTA511,[1-08]
3.57,3,-418.75,-778.75,D514RH20,GTA511,[1-08]
3.58,3,-425.00,-763.75,D514RH20,GTA511,[1-08]
3.59,3,-448.75,-745.00,D514RH20,GTA511,[1-08]
3.60,3,-490.00,-736.25,D514RH20,GTA511,[1-08]
3.61,3,-507.50,-748.75,D514RH20,GTA511,[1-08]
3.62,3,-505.00,-758.75,D514RH20,GTA511,[1-08]
3.63,3,-498.75,-773.75,D514RH20,GTA511,[1-08]
3.64,3,-466.25,-785.00,D514RH20,GTA511,[1-08]
3.65,3,-435.00,-781.25,D514RH20,GTA511,[1-08]
3.66,3,-422.50,-771.25,D514RH20,GTA511,[1-08]
3.67,3,-433.75,-756.25,D514RH20,GTA511,[1-08]
3.68,3,-460.00,-747.50,D514RH20,GTA511,[1-08]
3.69,3,-501.25,-738.75,D514RH20,GTA511,[1-08]
3.70,3,-512.50,-757.50,D514RH20,GTA511,[1-08]
3.71,3,-511.25,-768.75,D514RH20,GTA511,[1-08]
3.72,3,-491.25,-777.50,D514RH20,GTA511,[1-08]
3.73,3,-460.00,-781.25,D514RH20,GTA511,[1-08]
3.74,3,-431.25,-783.75,D514RH20,GTA511,[1-08]
3.75,3,-417.50,-770.00,D514RH20,GTA511,[1-08]
3.76,3,-430.00,-760.00,D514RH20,GTA511,[1-08]
3.77,3,-462.50,-742.50,D514RH20,GTA511,[1-08]
3.78,3,-503.75,-740.00,D514RH20,GTA511,[1-08]
3.79,3,-507.50,-753.75,D514RH20,GTA511,[1-08]
3.80,3,-496.25,-766.25,D514RH20,GTA511,[1-08]
3.81,3,-475.00,-780.00,D514RH20,GTA511,[1-08]
3.82,3,-448.75,-780.00,D514RH20,GTA511,[1-08]
3.83,3,-421.25,-775.00,D514RH20,GTA511,[1-08]
3.84,3,-418.75,-768.75,D514RH20,GTA511,[1-08]
3.85,3,-430.00,-757.50,D514RH20,GTA511,[1-08]
3.86,3,-465.00,-743.75,D514RH20,GTA511,[1-08]
3.87,3,-497.50,-745.00,D514RH20,GTA511,[1-08]
3.88,3,-495.00,-761.25,D514RH20,GTA511,[1-08]
3.89,3,-493.75,-768.75,D514RH20,GTA511,[1-08]
3.90,3,-470.00,-783.75,D514RH20,GTA511,[1-08]
3.91,3,-447.50,-781.25,D514RH20,GTA511,[1-08]
3.92,3,-425.00,-776.25,D514RH20,GTA511,[1-08]
3.93,3,-418.75,-760.00,D514RH20,GTA511,[1-08]
3.94,3,-430.00,-750.00,D514RH20,GTA511,[1-08]
3.95,3,-466.25,-745.00,D514RH20,GTA511,[1-08]
3.96,3,-492.50,-743.75,D514RH20,GTA511,[1-08]
3.97,3,-492.50,-758.75,D514RH20,GTA511,[1-08]
3.98,3,-483.75,-770.00,D514RH20,GTA511,[1-08]
3.99,3,-457.50,-783.75,D514RH20,GTA511,[1-08]
4.00,3,-433.75,-780.00,D514RH20,GTA511,[1-08]
4.01,3,-413.75,-768.75,D514RH20,GTA511,[1-08]
4.02,3,-412.50,-760.00,D514RH20,GTA511,[1-08]
4.03,3,-420.00,-748.75,D514RH20,GTA511,[1-08]
4.04,3,-455.00,-727.50,D514RH20,GTA511,[1-08]
4.05,3,-475.00,-721.25,D514RH20,GTA511,[1-08]
4.06,3,-467.50,-725.00,D514RH20,GTA511,[1-08]
4.07,3,-452.50,-715.00,D514RH20,GTA511,[1-08]
4.08,3,-418.75,-703.75,D514RH20,GTA511,[1-08]
4.09,3,-392.50,-673.75,D514RH20,GTA511,[1-08]
4.10,3,-362.50,-647.50,D514RH20,GTA511,[1-08]
4.11,3,-347.50,-607.50,D514RH20,GTA511,[1-08]
4.12,3,-342.50,-565.00,D514RH20,GTA511,[1-08]
4.13,3,-343.75,-527.50,D514RH20,GTA511,[1-08]
4.14,3,-366.25,-475.00,D514RH20,GTA511,[1-08]
4.15,3,-373.75,-436.25,D514RH20,GTA511,[1-08]
4.16,3,-371.25,-393.75,D514RH20,GTA511,[1-08]
4.17,3,-361.25,-361.25,D514RH20,GTA511,[1-08]
4.18,3,-348.75,-316.25,D514RH20,GTA511,[1-08]
4.19,3,-347.50,-270.00,D514RH20,GTA511,[1-08]
4.20,3,-331.25,-233.75,D514RH20,GTA511,[1-08]
4.21,3,-306.25,-205.00,D514RH20,GTA511,[1-08]
4.22,3,-300.00,-162.50,D514RH20,GTA511,[1-08]
4.23,3,-283.75,-132.50,D514RH20,GTA511,[1-08]
4.24,3,-292.50,-95.00,D514RH20,GTA511,[1-08]
4.25,3,-283.75,-77.50,D514RH20,GTA511,[1-08]
4.26,3,-270.00,-57.50,D514RH20,GTA511,[1-08]
4.27,3,-272.50,-32.50,D514RH20,GTA511,[1-08]
4.28,3,-283.75,-15.00,D514RH20,GTA511,[1-08]
4.29,3,-287.50,-7.50,D514RH20,GTA511,[1-08]
4.30,3,-295.00,0.00,D514RH20,GTA511,[1-08]
4.31,3,-302.50,0.00,D514RH20,GTA511,[1-08]
4.32,3,-301.25,0.00,D514RH20,GTA511,[1-08]
4.33,3,-296.25,0.00,D514RH20,GTA511,[1-08]
4.34,3,-292.50,1.25,D514RH20,GTA511,[1-08]
4.35,3,-296.25,3.75,D514RH20,GTA511,[1-08]
4.36,3,-298.75,6.25,D514RH20,GTA511,[1-08]
4.37,3,-300.00,5.00,D514RH20,GTA511,[1-08]
4.38,3,-300.00,6.25,D514RH20,GTA511,[1-08]
4.39,3,-300.00,3.75,D514RH20,GTA511,[1-08]
0.01,1,25.00,20.00,D514RH20,GTA511,[1-09]
0.02,1,6.25,17.50,D514RH20,GTA511,[1-09]
0.03,1,-60.00,13.75,D514RH20,GTA511,[1-09]
0.04,1,-186.25,5.00,D514RH20,GTA511,[1-09]
0.05,1,-291.25,-55.00,D514RH20,GTA511,[1-09]
0.06,1,-242.50,-146.25,D514RH20,GTA511,[1-09]
0.07,1,-241.25,-185.00,D514RH20,GTA511,[1-09]
0.08,1,-258.75,-227.50,D514RH20,GTA511,[1-09]
0.09,1,-276.25,-276.25,D514RH20,GTA511,[1-09]
0.10,1,-297.50,-326.25,D514RH20,GTA511,[1-09]
0.11,1,-313.75,-372.50,D514RH20,GTA511,[1-09]
0.12,1,-316.25,-417.50,D514RH20,GTA511,[1-09]
0.13,1,-315.00,-443.75,D514RH20,GTA511,[1-09]
0.14,1,-300.00,-471.25,D514RH20,GTA511,[1-09]
0.15,1,-293.75,-475.00,D514RH20,GTA511,[1-09]
0.16,1,-273.75,-493.75,D514RH20,GTA511,[1-09]
0.17,1,-270.00,-498.75,D514RH20,GTA511,[1-09]
0.18,1,-266.25,-490.00,D514RH20,GTA511,[1-09]
0.19,1,-257.50,-495.00,D514RH20,GTA511,[1-09]
0.20,1,-243.75,-471.25,D514RH20,GTA511,[1-09]
0.21,1,-252.50,-431.25,D514RH20,GTA511,[1-09]
0.22,1,-221.25,-397.50,D514RH20,GTA511,[1-09]
0.23,1,-250.00,-352.50,D514RH20,GTA511,[1-09]
0.24,1,-247.50,-305.00,D514RH20,GTA511,[1-09]
0.25,1,-226.25,-266.25,D514RH20,GTA511,[1-09]
0.26,1,-233.75,-211.25,D514RH20,GTA511,[1-09]
0.27,1,-213.75,-177.50,D514RH20,GTA511,[1-09]
0.28,1,-185.00,-121.25,D514RH20,GTA511,[1-09]
0.29,1,-197.50,-67.50,D514RH20,GTA511,[1-09]
0.30,1,-205.00,-36.25,D514RH20,GTA511,[1-09]
0.31,1,-242.50,-6.25,D514RH20,GTA511,[1-09]
0.32,1,-242.50,-6.25,D514RH20,GTA511,[1-09]
0.33,1,-226.25,-6.25,D514RH20,GTA511,[1-09]
0.34,1,-218.75,0.00,D514RH20,GTA511,[1-09]
0.35,1,-215.00,2.50,D514RH20,GTA511,[1-09]
0.36,1,-213.75,6.25,D514RH20,GTA511,[1-09]
0.37,1,-213.75,8.75,D514RH20,GTA511,[1-09]
0.38,1,-212.50,11.25,D514RH20,GTA511,[1-09]
0.39,2,-212.50,11.25,D514RH20,GTA511,[1-09]
0.40,2,-225.00,8.75,D514RH20,GTA511,[1-09]
0.41,2,-243.75,-2.50,D514RH20,GTA511,[1-09]
0.42,2,-247.50,-16.25,D514RH20,GTA511,[1-09]
0.43,2,-233.75,-30.00,D514RH20,GTA511,[1-09]
0.44,2,-212.50,-40.00,D514RH20,GTA511,[1-09]
0.45,2,-213.75,-32.50,D514RH20,GTA511,[1-09]
0.46,2,-226.25,-31.25,D514RH20,GTA511,[1-09]
0.47,2,-222.50,-35.00,D514RH20,GTA511,[1-09]
0.48,2,-222.50,-36.25,D514RH20,GTA511,[1-09]
0.49,2,-220.00,-37.50,D514RH20,GTA511,[1-09]
0.50,2,-248.75,-27.50,D514RH20,GTA511,[1-09]
0.51,2,-222.50,-46.25,D514RH20,GTA511,[1-09]
0.52,2,-215.00,-42.50,D514RH20,GTA511,[1-09]
0.53,2,-216.25,-37.50,D514RH20,GTA511,[1-09]
0.54,2,-213.75,-38.75,D514RH20,GTA511,[1-09]
0.55,2,-208.75,-41.25,D514RH20,GTA511,[1-09]
0.56,2,-201.25,-36.25,D514RH20,GTA511,[1-09]
0.57,2,-213.75,-33.75,D514RH20,GTA511,[1-09]
0.58,2,-220.00,-35.00,D514RH20,GTA511,[1-09]
0.59,2,-217.50,-38.75,D514RH20,GTA511,[1-09]
0.60,2,-218.75,-35.00,D514RH20,GTA511,[1-09]
0.61,2,-242.50,-35.00,D514RH20,GTA511,[1-09]
0.62,2,-197.50,-50.00,D514RH20,GTA511,[1-09]
0.63,2,-197.50,-43.75,D514RH20,GTA511,[1-09]
0.64,2,-201.25,-37.50,D514RH20,GTA511,[1-09]
0.65,2,-195.00,-38.75,D514RH20,GTA511,[1-09]
0.66,2,-176.25,-45.00,D514RH20,GTA511,[1-09]
0.67,2,-186.25,-35.00,D514RH20,GTA511,[1-09]
0.68,2,-190.00,-33.75,D514RH20,GTA511,[1-09]
0.69,2,-195.00,-35.00,D514RH20,GTA511,[1-09]
0.70,2,-197.50,-36.25,D514RH20,GTA511,[1-09]
0.71,2,-235.00,-22.50,D514RH20,GTA511,[1-09]
0.72,2,-220.00,-46.25,D514RH20,GTA511,[1-09]
0.73,2,-182.50,-51.25,D514RH20,GTA511,[1-09]
0.74,2,-183.75,-41.25,D514RH20,GTA511,[1-09]
0.75,2,-195.00,-37.50,D514RH20,GTA511,[1-09]
0.76,2,-187.50,-40.00,D514RH20,GTA511,[1-09]
0.77,2,-175.00,-41.25,D514RH20,GTA511,[1-09]
0.78,2,-181.25,-37.50,D514RH20,GTA511,[1-09]
0.79,2,-182.50,-36.25,D514RH20,GTA511,[1-09]
0.80,2,-186.25,-33.75,D514RH20,GTA511,[1-09]
0.81,2,-185.00,-38.75,D514RH20,GTA511,[1-09]
0.82,2,-178.75,-38.75,D514RH20,GTA511,[1-09]
0.83,2,-183.75,-37.50,D514RH20,GTA511,[1-09]
0.84,2,-176.25,-40.00,D514RH20,GTA511,[1-09]
0.85,2,-177.50,-36.25,D514RH20,GTA511,[1-09]
0.86,2,-186.25,-36.25,D514RH20,GTA511,[1-09]
0.87,2,-180.00,-38.75,D514RH20,GTA511,[1-09]
0.88,2,-183.75,-37.50,D514RH20,GTA511,[1-09]
0.89,2,-185.00,-37.50,D514RH20,GTA511,[1-09]
0.90,2,-187.50,-37.50,D514RH20,GTA511,[1-09]
0.91,2,-198.75,-32.50,D514RH20,GTA511,[1-09]
0.92,2,-201.25,-37.50,D514RH20,GTA511,[1-09]
0.93,2,-200.00,-37.50,D514RH20,GTA511,[1-09]
0.94,2,-196.25,-43.75,D514RH20,GTA511,[1-09]
0.95,2,-183.75,-42.50,D514RH20,GTA511,[1-09]
0.96,2,-193.75,-36.25,D514RH20,GTA511,[1-09]
0.97,2,-201.25,-36.25,D514RH20,GTA511,[1-09]
0.98,2,-196.25,-37.50,D514RH20,GTA511,[1-09]
0.99,2,-190.00,-43.75,D514RH20,GTA511,[1-09]
1.00,2,-186.25,-38.75,D514RH20,GTA511,[1-09]
1.01,2,-230.00,-22.50,D514RH20,GTA511,[1-09]
1.02,2,-225.00,-42.50,D514RH20,GTA511,[1-09]
1.03,2,-195.00,-48.75,D514RH20,GTA511,[1-09]
1.04,2,-190.00,-46.25,D514RH20,GTA511,[1-09]
1.05,2,-188.75,-38.75,D514RH20,GTA511,[1-09]
1.06,2,-185.00,-40.00,D514RH20,GTA511,[1-09]
1.07,2,-196.25,-33.75,D514RH20,GTA511,[1-09]
1.08,2,-208.75,-33.75,D514RH20,GTA511,[1-09]
1.09,2,-207.50,-35.00,D514RH20,GTA511,[1-09]
1.10,2,-211.25,-38.75,D514RH20,GTA511,[1-09]
1.11,2,-206.25,-37.50,D514RH20,GTA511,[1-09]
1.12,2,-281.25,-15.00,D514RH20,GTA511,[1-09]
1.13,2,-255.00,-48.75,D514RH20,GTA511,[1-09]
1.14,2,-213.75,-53.75,D514RH20,GTA511,[1-09]
1.15,2,-215.00,-46.25,D514RH20,GTA511,[1-09]
1.16,2,-218.75,-38.75,D514RH20,GTA511,[1-09]
1.17,2,-210.00,-42.50,D514RH20,GTA511,[1-09]
1.18,2,-230.00,-32.50,D514RH20,GTA511,[1-09]
1.19,2,-248.75,-31.25,D514RH20,GTA511,[1-09]
1.20,2,-251.25,-35.00,D514RH20,GTA511,[1-09]
1.21,2,-275.00,-31.25,D514RH20,GTA511,[1-09]
1.22,2,-268.75,-40.00,D514RH20,GTA511,[1-09]
1.23,2,-376.25,-5.00,D514RH20,GTA511,[1-09]
1.24,2,-366.25,-45.00,D514RH20,GTA511,[1-09]
1.25,2,-280.00,-68.75,D514RH20,GTA511,[1-09]
1.26,2,-287.50,-50.00,D514RH20,GTA511,[1-09]
1.27,2,-281.25,-46.25,D514RH20,GTA511,[1-09]
1.28,2,-358.75,-8.75,D514RH20,GTA511,[1-09]
1.29,2,-318.75,-51.25,D514RH20,GTA511,[1-09]
1.30,2,-277.50,-52.50,D514RH20,GTA511,[1-09]
1.31,2,-275.00,-43.75,D514RH20,GTA511,[1-09]
1.32,2,-272.50,-42.50,D514RH20,GTA511,[1-09]
1.33,2,-338.75,-7.50,D514RH20,GTA511,[1-09]
1.34,2,-313.75,-46.25,D514RH20,GTA511,[1-09]
1.35,2,-280.00,-51.25,D514RH20,GTA511,[1-09]
1.36,2,-290.00,-41.25,D514RH20,GTA511,[1-09]
1.37,2,-288.75,-37.50,D514RH20,GTA511,[1-09]
1.38,2,-271.25,-43.75,D514RH20,GTA511,[1-09]
1.39,2,-275.00,-40.00,D514RH20,GTA511,[1-09]
1.40,2,-282.50,-30.00,D514RH20,GTA511,[1-09]
1.41,2,-297.50,-30.00,D514RH20,GTA511,[1-09]
1.42,2,-297.50,-38.75,D514RH20,GTA511,[1-09]
1.43,2,-290.00,-35.00,D514RH20,GTA511,[1-09]
1.44,2,-408.75,-2.50,D514RH20,GTA511,[1-09]
1.45,2,-358.75,-61.25,D514RH20,GTA511,[1-09]
1.46,2,-258.75,-73.75,D514RH20,GTA511,[1-09]
1.47,2,-255.00,-51.25,D514RH20,GTA511,[1-09]
1.48,2,-252.50,-40.00,D514RH20,GTA511,[1-09]
1.49,2,-318.75,-20.00,D514RH20,GTA511,[1-09]
1.50,2,-248.75,-50.00,D514RH20,GTA511,[1-09]
1.51,2,-253.75,-38.75,D514RH20,GTA511,[1-09]
1.52,2,-250.00,-37.50,D514RH20,GTA511,[1-09]
1.53,2,-263.75,-30.00,D514RH20,GTA511,[1-09]
1.54,2,-296.25,-20.00,D514RH20,GTA511,[1-09]
1.55,2,-275.00,-46.25,D514RH20,GTA511,[1-09]
1.56,2,-246.25,-50.00,D514RH20,GTA511,[1-09]
1.57,2,-261.25,-35.00,D514RH20,GTA511,[1-09]
1.58,2,-275.00,-32.50,D514RH20,GTA511,[1-09]
1.59,2,-282.50,-35.00,D514RH20,GTA511,[1-09]
1.60,2,-257.50,-45.00,D514RH20,GTA511,[1-09]
1.61,2,-252.50,-42.50,D514RH20,GTA511,[1-09]
1.62,2,-251.25,-40.00,D514RH20,GTA511,[1-09]
1.63,2,-250.00,-38.75,D514RH20,GTA511,[1-09]
1.64,2,-251.25,-38.75,D514RH20,GTA511,[1-09]
1.65,2,-242.50,-38.75,D514RH20,GTA511,[1-09]
1.66,2,-240.00,-38.75,D514RH20,GTA511,[1-09]
1.67,2,-236.25,-37.50,D514RH20,GTA511,[1-09]
1.68,2,-235.00,-37.50,D514RH20,GTA511,[1-09]
1.69,2,-246.25,-33.75,D514RH20,GTA511,[1-09]
1.70,2,-270.00,-22.50,D514RH20,GTA511,[1-09]
1.71,2,-325.00,-23.75,D514RH20,GTA511,[1-09]
1.72,2,-236.25,-65.00,D514RH20,GTA511,[1-09]
1.73,2,-228.75,-48.75,D514RH20,GTA511,[1-09]
1.74,2,-237.50,-37.50,D514RH20,GTA511,[1-09]
1.75,2,-223.75,-41.25,D514RH20,GTA511,[1-09]
1.76,2,-227.50,-35.00,D514RH20,GTA511,[1-09]
1.77,2,-226.25,-40.00,D514RH20,GTA511,[1-09]
1.78,2,-208.75,-41.25,D514RH20,GTA511,[1-09]
1.79,2,-223.75,-32.50,D514RH20,GTA511,[1-09]
1.80,2,-226.25,-33.75,D514RH20,GTA511,[1-09]
1.81,2,-212.50,-41.25,D514RH20,GTA511,[1-09]
1.82,2,-215.00,-36.25,D514RH20,GTA511,[1-09]
1.83,2,-205.00,-42.50,D514RH20,GTA511,[1-09]
1.84,2,-191.25,-41.25,D514RH20,GTA511,[1-09]
1.85,2,-215.00,-31.25,D514RH20,GTA511,[1-09]
1.86,2,-213.75,-36.25,D514RH20,GTA511,[1-09]
1.87,2,-208.75,-37.50,D514RH20,GTA511,[1-09]
1.88,2,-218.75,-35.00,D514RH20,GTA511,[1-09]
1.89,2,-197.50,-45.00,D514RH20,GTA511,[1-09]
1.90,2,-205.00,-33.75,D514RH20,GTA511,[1-09]
1.91,2,-222.50,-32.50,D514RH20,GTA511,[1-09]
1.92,2,-217.50,-40.00,D514RH20,GTA511,[1-09]
1.93,2,-212.50,-40.00,D514RH20,GTA511,[1-09]
1.94,2,-205.00,-40.00,D514RH20,GTA511,[1-09]
1.95,2,-275.00,-17.50,D514RH20,GTA511,[1-09]
1.96,2,-208.75,-58.75,D514RH20,GTA511,[1-09]
1.97,2,-201.25,-47.50,D514RH20,GTA511,[1-09]
1.98,2,-190.00,-45.00,D514RH20,GTA511,[1-09]
1.99,2,-190.00,-37.50,D514RH20,GTA511,[1-09]
2.00,2,-183.75,-40.00,D514RH20,GTA511,[1-09]
2.01,2,-188.75,-33.75,D514RH20,GTA511,[1-09]
2.02,2,-198.75,-35.00,D514RH20,GTA511,[1-09]
2.03,2,-197.50,-35.00,D514RH20,GTA511,[1-09]
2.04,2,-203.75,-36.25,D514RH20,GTA511,[1-09]
2.05,2,-195.00,-38.75,D514RH20,GTA511,[1-09]
2.06,2,-196.25,-40.00,D514RH20,GTA511,[1-09]
2.07,2,-206.25,-35.00,D514RH20,GTA511,[1-09]
2.08,2,-207.50,-37.50,D514RH20,GTA511,[1-09]
2.09,2,-195.00,-42.50,D514RH20,GTA511,[1-09]
2.10,2,-201.25,-38.75,D514RH20,GTA511,[1-09]
2.11,2,-190.00,-41.25,D514RH20,GTA511,[1-09]
2.12,2,-192.50,-36.25,D514RH20,GTA511,[1-09]
2.13,2,-197.50,-37.50,D514RH20,GTA511,[1-09]
2.14,2,-201.25,-37.50,D514RH20,GTA511,[1-09]
2.15,2,-200.00,-38.75,D514RH20,GTA511,[1-09]
2.16,2,-193.75,-38.75,D514RH20,GTA511,[1-09]
2.17,2,-191.25,-41.25,D514RH20,GTA511,[1-09]
2.18,2,-196.25,-36.25,D514RH20,GTA511,[1-09]
2.19,2,-225.00,-26.25,D514RH20,GTA511,[1-09]
2.20,2,-297.50,-16.25,D514RH20,GTA511,[1-09]
2.21,2,-233.75,-58.75,D514RH20,GTA511,[1-09]
2.22,2,-187.50,-58.75,D514RH20,GTA511,[1-09]
2.23,2,-193.75,-43.75,D514RH20,GTA511,[1-09]
2.24,2,-200.00,-33.75,D514RH20,GTA511,[1-09]
2.25,2,-206.25,-35.00,D514RH20,GTA511,[1-09]
2.26,2,-221.25,-33.75,D514RH20,GTA511,[1-09]
2.27,2,-210.00,-40.00,D514RH20,GTA511,[1-09]
2.28,2,-200.00,-42.50,D514RH20,GTA511,[1-09]
2.29,2,-203.75,-37.50,D514RH20,GTA511,[1-09]
2.30,2,-285.00,-6.25,D514RH20,GTA511,[1-09]
2.31,2,-320.00,-25.00,D514RH20,GTA511,[1-09]
2.32,2,-223.75,-70.00,D514RH20,GTA511,[1-09]
2.33,2,-198.75,-55.00,D514RH20,GTA511,[1-09]
2.34,2,-196.25,-45.00,D514RH20,GTA511,[1-09]
2.35,2,-212.50,-35.00,D514RH20,GTA511,[1-09]
2.36,2,-236.25,-27.50,D514RH20,GTA511,[1-09]
2.37,2,-230.00,-36.25,D514RH20,GTA511,[1-09]
2.38,2,-230.00,-37.50,D514RH20,GTA511,[1-09]
2.39,2,-217.50,-30.00,D514RH20,GTA511,[1-09]
2.40,2,-213.75,-13.75,D514RH20,GTA511,[1-09]
2.41,2,-236.25,3.75,D514RH20,GTA511,[1-09]
2.42,2,-271.25,12.50,D514RH20,GTA511,[1-09]
2.43,2,-286.25,11.25,D514RH20,GTA511,[1-09]
2.44,2,-295.00,8.75,D514RH20,GTA511,[1-09]
2.45,2,-296.25,6.25,D514RH20,GTA511,[1-09]
2.46,2,-293.75,3.75,D514RH20,GTA511,[1-09]
2.47,2,-255.00,-5.00,D514RH20,GTA511,[1-09]
2.48,2,-228.75,0.00,D514RH20,GTA511,[1-09]
2.49,2,-230.00,8.75,D514RH20,GTA511,[1-09]
2.50,2,-227.50,13.75,D514RH20,GTA511,[1-09]
2.51,2,-222.50,15.00,D514RH20,GTA511,[1-09]
2.52,2,-216.25,16.25,D514RH20,GTA511,[1-09]
2.53,2,-210.00,17.50,D514RH20,GTA511,[1-09]
2.54,2,-205.00,18.75,D514RH20,GTA511,[1-09]
2.55,2,-200.00,17.50,D514RH20,GTA511,[1-09]
2.56,2,-193.75,18.75,D514RH20,GTA511,[1-09]
2.57,2,-188.75,18.75,D514RH20,GTA511,[1-09]
2.58,2,-181.25,20.00,D514RH20,GTA511,[1-09]
2.59,2,-176.25,18.75,D514RH20,GTA511,[1-09]
2.60,2,-171.25,18.75,D514RH20,GTA511,[1-09]
2.61,2,-165.00,20.00,D514RH20,GTA511,[1-09]
2.62,2,-160.00,20.00,D514RH20,GTA511,[1-09]
2.63,2,-155.00,20.00,D514RH20,GTA511,[1-09]
2.64,2,-150.00,20.00,D514RH20,GTA511,[1-09]
2.65,2,-145.00,18.75,D514RH20,GTA511,[1-09]
2.66,2,-138.75,20.00,D514RH20,GTA511,[1-09]
2.67,2,-133.75,18.75,D514RH20,GTA511,[1-09]
2.68,2,-128.75,18.75,D514RH20,GTA511,[1-09]
2.69,2,-125.00,18.75,D514RH20,GTA511,[1-09]
2.70,2,-120.00,18.75,D514RH20,GTA511,[1-09]
2.71,2,-115.00,18.75,D514RH20,GTA511,[1-09]
2.72,2,-108.75,18.75,D514RH20,GTA511,[1-09]
2.73,2,-105.00,18.75,D514RH20,GTA511,[1-09]
2.74,2,-101.25,20.00,D514RH20,GTA511,[1-09]
2.75,2,-97.50,20.00,D514RH20,GTA511,[1-09]
2.76,2,-92.50,18.75,D514RH20,GTA511,[1-09]
2.77,2,-87.50,18.75,D514RH20,GTA511,[1-09]
2.78,2,-82.50,18.75,D514RH20,GTA511,[1-09]
2.79,2,-78.75,20.00,D514RH20,GTA511,[1-09]
2.80,2,-76.25,18.75,D514RH20,GTA511,[1-09]
2.81,3,-75.00,20.00,D514RH20,GTA511,[1-09]
2.82,3,-78.75,18.75,D514RH20,GTA511,[1-09]
2.83,3,-92.50,18.75,D514RH20,GTA511,[1-09]
2.84,3,-118.75,18.75,D514RH20,GTA511,[1-09]
2.85,3,-165.00,17.50,D514RH20,GTA511,[1-09]
2.86,3,-232.50,13.75,D514RH20,GTA511,[1-09]
2.87,3,-278.75,-7.50,D514RH20,GTA511,[1-09]
2.88,3,-266.25,-48.75,D514RH20,GTA511,[1-09]
2.89,3,-265.00,-71.25,D514RH20,GTA511,[1-09]
2.90,3,-270.00,-93.75,D514RH20,GTA511,[1-09]
2.91,3,-301.25,-111.25,D514RH20,GTA511,[1-09]
2.92,3,-315.00,-132.50,D514RH20,GTA511,[1-09]
2.93,3,-356.25,-183.75,D514RH20,GTA511,[1-09]
2.94,3,-336.25,-222.50,D514RH20,GTA511,[1-09]
2.95,3,-355.00,-257.50,D514RH20,GTA511,[1-09]
2.96,3,-365.00,-300.00,D514RH20,GTA511,[1-09]
2.97,3,-370.00,-346.25,D514RH20,GTA511,[1-09]
2.98,3,-372.50,-392.50,D514RH20,GTA511,[1-09]
2.99,3,-360.00,-440.00,D514RH20,GTA511,[1-09]
3.00,3,-371.25,-482.50,D514RH20,GTA511,[1-09]
3.01,3,-335.00,-518.75,D514RH20,GTA511,[1-09]
3.02,3,-343.75,-542.50,D514RH20,GTA511,[1-09]
3.03,3,-315.00,-590.00,D514RH20,GTA511,[1-09]
3.04,3,-317.50,-621.25,D514RH20,GTA511,[1-09]
3.05,3,-327.50,-636.25,D514RH20,GTA511,[1-09]
3.06,3,-350.00,-656.25,D514RH20,GTA511,[1-09]
3.07,3,-385.00,-670.00,D514RH20,GTA511,[1-09]
3.08,3,-382.50,-706.25,D514RH20,GTA511,[1-09]
3.09,3,-365.00,-735.00,D514RH20,GTA511,[1-09]
3.10,3,-336.25,-750.00,D514RH20,GTA511,[1-09]
3.11,3,-310.00,-748.75,D514RH20,GTA511,[1-09]
3.12,3,-290.00,-750.00,D514RH20,GTA511,[1-09]
3.13,3,-287.50,-741.25,D514RH20,GTA511,[1-09]
3.14,3,-292.50,-740.00,D514RH20,GTA511,[1-09]
3.15,3,-313.75,-738.75,D514RH20,GTA511,[1-09]
3.16,3,-355.00,-736.25,D514RH20,GTA511,[1-09]
3.17,3,-356.25,-742.50,D514RH20,GTA511,[1-09]
3.18,3,-341.25,-765.00,D514RH20,GTA511,[1-09]
3.19,3,-306.25,-760.00,D514RH20,GTA511,[1-09]
3.20,3,-287.50,-772.50,D514RH20,GTA511,[1-09]
3.21,3,-278.75,-762.50,D514RH20,GTA511,[1-09]
3.22,3,-281.25,-748.75,D514RH20,GTA511,[1-09]
3.23,3,-287.50,-747.50,D514RH20,GTA511,[1-09]
3.24,3,-307.50,-746.25,D514RH20,GTA511,[1-09]
3.25,3,-346.25,-735.00,D514RH20,GTA511,[1-09]
3.26,3,-341.25,-745.00,D514RH20,GTA511,[1-09]
3.27,3,-326.25,-767.50,D514RH20,GTA511,[1-09]
3.28,3,-302.50,-766.25,D514RH20,GTA511,[1-09]
3.29,3,-287.50,-761.25,D514RH20,GTA511,[1-09]
3.30,3,-282.50,-762.50,D514RH20,GTA511,[1-09]
3.31,3,-281.25,-752.50,D514RH20,GTA511,[1-09]
3.32,3,-286.25,-746.25,D514RH20,GTA511,[1-09]
3.33,3,-311.25,-741.25,D514RH20,GTA511,[1-09]
3.34,3,-343.75,-742.50,D514RH20,GTA511,[1-09]
3.35,3,-346.25,-755.00,D514RH20,GTA511,[1-09]
3.36,3,-330.00,-756.25,D514RH20,GTA511,[1-09]
3.37,3,-300.00,-765.00,D514RH20,GTA511,[1-09]
3.38,3,-285.00,-771.25,D514RH20,GTA511,[1-09]
3.39,3,-280.00,-756.25,D514RH20,GTA511,[1-09]
3.40,3,-286.25,-755.00,D514RH20,GTA511,[1-09]
3.41,3,-290.00,-751.25,D514RH20,GTA511,[1-09]
3.42,3,-313.75,-746.25,D514RH20,GTA511,[1-09]
3.43,3,-350.00,-741.25,D514RH20,GTA511,[1-09]
3.44,3,-348.75,-748.75,D514RH20,GTA511,[1-09]
3.45,3,-333.75,-758.75,D514RH20,GTA511,[1-09]
3.46,3,-300.00,-771.25,D514RH20,GTA511,[1-09]
3.47,3,-280.00,-765.00,D514RH20,GTA511,[1-09]
3.48,3,-281.25,-766.25,D514RH20,GTA511,[1-09]
3.49,3,-280.00,-752.50,D514RH20,GTA511,[1-09]
3.50,3,-287.50,-741.25,D514RH20,GTA511,[1-09]
3.51,3,-330.00,-735.00,D514RH20,GTA511,[1-09]
3.52,3,-358.75,-746.25,D514RH20,GTA511,[1-09]
3.53,3,-353.75,-757.50,D514RH20,GTA511,[1-09]
3.54,3,-333.75,-757.50,D514RH20,GTA511,[1-09]
3.55,3,-306.25,-766.25,D514RH20,GTA511,[1-09]
3.56,3,-285.00,-775.00,D514RH20,GTA511,[1-09]
3.57,3,-286.25,-758.75,D514RH20,GTA511,[1-09]
3.58,3,-312.50,-746.25,D514RH20,GTA511,[1-09]
3.59,3,-310.00,-751.25,D514RH20,GTA511,[1-09]
3.60,3,-345.00,-736.25,D514RH20,GTA511,[1-09]
3.61,3,-358.75,-753.75,D514RH20,GTA511,[1-09]
3.62,3,-360.00,-751.25,D514RH20,GTA511,[1-09]
3.63,3,-345.00,-765.00,D514RH20,GTA511,[1-09]
3.64,3,-313.75,-770.00,D514RH20,GTA511,[1-09]
3.65,3,-291.25,-763.75,D514RH20,GTA511,[1-09]
3.66,3,-287.50,-760.00,D514RH20,GTA511,[1-09]
3.67,3,-298.75,-747.50,D514RH20,GTA511,[1-09]
3.68,3,-313.75,-741.25,D514RH20,GTA511,[1-09]
3.69,3,-348.75,-740.00,D514RH20,GTA511,[1-09]
3.70,3,-358.75,-748.75,D514RH20,GTA511,[1-09]
3.71,3,-365.00,-761.25,D514RH20,GTA511,[1-09]
3.72,3,-335.00,-762.50,D514RH20,GTA511,[1-09]
3.73,3,-300.00,-763.75,D514RH20,GTA511,[1-09]
3.74,3,-285.00,-762.50,D514RH20,GTA511,[1-09]
3.75,3,-285.00,-756.25,D514RH20,GTA511,[1-09]
3.76,3,-311.25,-747.50,D514RH20,GTA511,[1-09]
3.77,3,-321.25,-742.50,D514RH20,GTA511,[1-09]
3.78,3,-352.50,-738.75,D514RH20,GTA511,[1-09]
3.79,3,-357.50,-746.25,D514RH20,GTA511,[1-09]
3.80,3,-350.00,-756.25,D514RH20,GTA511,[1-09]
3.81,3,-321.25,-773.75,D514RH20,GTA511,[1-09]
3.82,3,-297.50,-772.50,D514RH20,GTA511,[1-09]
3.83,3,-286.25,-757.50,D514RH20,GTA511,[1-09]
3.84,3,-282.50,-756.25,D514RH20,GTA511,[1-09]
3.85,3,-295.00,-743.75,D514RH20,GTA511,[1-09]
3.86,3,-321.25,-735.00,D514RH20,GTA511,[1-09]
3.87,3,-350.00,-741.25,D514RH20,GTA511,[1-09]
3.88,3,-351.25,-751.25,D514RH20,GTA511,[1-09]
3.89,3,-341.25,-767.50,D514RH20,GTA511,[1-09]
3.90,3,-328.75,-755.00,D514RH20,GTA511,[1-09]
3.91,3,-305.00,-766.25,D514RH20,GTA511,[1-09]
3.92,3,-300.00,-763.75,D514RH20,GTA511,[1-09]
3.93,3,-295.00,-755.00,D514RH20,GTA511,[1-09]
3.94,3,-302.50,-746.25,D514RH20,GTA511,[1-09]
3.95,3,-331.25,-733.75,D514RH20,GTA511,[1-09]
3.96,3,-362.50,-746.25,D514RH20,GTA511,[1-09]
3.97,3,-351.25,-753.75,D514RH20,GTA511,[1-09]
3.98,3,-330.00,-765.00,D514RH20,GTA511,[1-09]
3.99,3,-310.00,-762.50,D514RH20,GTA511,[1-09]
4.00,3,-292.50,-772.50,D514RH20,GTA511,[1-09]
4.01,3,-281.25,-757.50,D514RH20,GTA511,[1-09]
4.02,3,-285.00,-753.75,D514RH20,GTA511,[1-09]
4.03,3,-305.00,-736.25,D514RH20,GTA511,[1-09]
4.04,3,-331.25,-726.25,D514RH20,GTA511,[1-09]
4.05,3,-353.75,-711.25,D514RH20,GTA511,[1-09]
4.06,3,-343.75,-715.00,D514RH20,GTA511,[1-09]
4.07,3,-316.25,-710.00,D514RH20,GTA511,[1-09]
4.08,3,-285.00,-695.00,D514RH20,GTA511,[1-09]
4.09,3,-258.75,-668.75,D514RH20,GTA511,[1-09]
4.10,3,-242.50,-631.25,D514RH20,GTA511,[1-09]
4.11,3,-242.50,-595.00,D514RH20,GTA511,[1-09]
4.12,3,-235.00,-561.25,D514RH20,GTA511,[1-09]
4.13,3,-246.25,-515.00,D514RH20,GTA511,[1-09]
4.14,3,-260.00,-477.50,D514RH20,GTA511,[1-09]
4.15,3,-262.50,-432.50,D514RH20,GTA511,[1-09]
4.16,3,-255.00,-395.00,D514RH20,GTA511,[1-09]
4.17,3,-241.25,-353.75,D514RH20,GTA511,[1-09]
4.18,3,-236.25,-311.25,D514RH20,GTA511,[1-09]
4.19,3,-223.75,-266.25,D514RH20,GTA511,[1-09]
4.20,3,-218.75,-226.25,D514RH20,GTA511,[1-09]
4.21,3,-221.25,-186.25,D514RH20,GTA511,[1-09]
4.22,3,-203.75,-156.25,D514RH20,GTA511,[1-09]
4.23,3,-196.25,-122.50,D514RH20,GTA511,[1-09]
4.24,3,-181.25,-98.75,D514RH20,GTA511,[1-09]
4.25,3,-191.25,-62.50,D514RH20,GTA511,[1-09]
4.26,3,-190.00,-46.25,D514RH20,GTA511,[1-09]
4.27,3,-186.25,-32.50,D514RH20,GTA511,[1-09]
4.28,3,-172.50,-18.75,D514RH20,GTA511,[1-09]
4.29,3,-173.75,-5.00,D514RH20,GTA511,[1-09]
4.30,3,-180.00,2.50,D514RH20,GTA511,[1-09]
4.31,3,-192.50,7.50,D514RH20,GTA511,[1-09]
4.32,3,-191.25,7.50,D514RH20,GTA511,[1-09]
4.33,3,-190.00,8.75,D514RH20,GTA511,[1-09]
4.34,3,-187.50,10.00,D514RH20,GTA511,[1-09]
4.35,3,-186.25,8.75,D514RH20,GTA511,[1-09]
4.36,3,-186.25,11.25,D514RH20,GTA511,[1-09]
4.37,3,-186.25,11.25,D514RH20,GTA511,[1-09]
4.38,3,-186.25,12.50,D514RH20,GTA511,[1-09]
4.39,3,-187.50,12.50,D514RH20,GTA511,[1-09]
